ID,Income,Recency,MntWines,MntFruits,MntMeatProducts,MntFishProducts,MntSweetProducts,MntGoldProds,NumDealsPurchases,NumWebPurchases,NumCatalogPurchases,NumStorePurchases,NumWebVisitsMonth,AcceptedCmp3,AcceptedCmp4,AcceptedCmp5,AcceptedCmp1,AcceptedCmp2,Complain,Response,income_group_num,EducationLevel,Marital_Status_Encoded,has_kids,month_year,year_half,Age
5524,58138,58,635,88,546,172,88,88,3,8,10,4,7,0,0,0,0,0,0,1,3,3,1,0,2012-04,2012.0 - First Half,55.0
2174,46344,38,11,1,6,2,1,6,2,1,1,2,5,0,0,0,0,0,0,0,2,3,1,1,2014-08,2014.0 - Second Half,60.0
6182,26646,26,11,4,20,10,3,5,2,2,0,4,6,0,0,0,0,0,0,0,1,3,2,1,2014-10,2014.0 - Second Half,30.0
7446,62513,16,520,42,98,0,42,14,2,6,4,10,6,0,0,0,0,0,0,0,3,4,2,1,2013-09,2013.0 - Second Half,46.0
6177,33454,32,76,10,56,3,1,23,2,4,0,4,8,0,0,0,0,0,0,0,1,5,2,1,2013-08,2013.0 - Second Half,28.0
4855,30351,19,14,0,24,3,3,2,1,3,0,2,9,0,0,0,0,0,0,1,1,5,2,1,2013-06,2013.0 - First Half,39.0
2569,17323,38,3,14,17,6,1,5,1,1,0,3,8,0,0,0,0,0,0,0,1,3,2,0,2012-10,2012.0 - Second Half,25.0
2278,33812,86,4,17,19,30,24,39,2,2,1,3,6,0,0,0,0,0,0,0,1,2,1,1,2012-03,2012.0 - First Half,27.0
9360,37040,41,86,2,73,69,38,48,1,4,2,5,8,0,0,0,0,0,0,0,2,3,2,0,2012-08,2012.0 - Second Half,30.0
5376,2447,42,1,1,1725,1,1,1,15,0,28,0,1,0,0,0,0,0,0,0,1,3,2,1,2013-06,2013.0 - First Half,34.0
4047,65324,0,384,0,102,21,32,5,3,6,2,9,4,0,0,0,0,0,0,0,3,5,2,1,2014-11,2014.0 - Second Half,60.0
7892,18589,89,6,4,25,15,12,13,2,2,1,3,7,0,0,0,0,0,0,0,1,3,1,0,2013-02,2013.0 - First Half,44.0
3033,38620,56,112,17,44,34,22,89,1,2,5,3,3,0,0,0,0,0,0,0,2,4,2,0,2013-11,2013.0 - Second Half,50.0
5710,40548,31,110,0,5,2,0,3,2,2,1,4,5,0,1,0,0,0,0,0,2,3,2,1,2012-10,2012.0 - Second Half,42.0
10755,23718,76,6,3,14,15,7,36,3,3,1,2,7,0,0,0,0,0,0,0,1,2,2,1,2013-02,2013.0 - First Half,37.0
8595,42429,99,55,0,6,2,0,4,2,1,1,3,5,0,0,0,0,0,0,0,2,3,1,1,2014-11,2014.0 - Second Half,41.0
2968,48948,53,437,8,206,160,49,42,2,7,10,5,6,1,0,0,0,0,0,1,2,5,1,0,2013-01,2013.0 - First Half,70.0
503,20559,88,13,1,29,3,0,7,2,2,0,3,8,0,0,0,0,0,0,0,1,4,2,1,2013-12,2013.0 - Second Half,28.0
7281,52247,80,81,11,50,3,2,39,1,1,3,4,2,0,0,0,0,0,0,0,3,5,1,0,2013-05,2013.0 - First Half,54.0
2139,7500,19,3,1,10,3,2,12,3,2,0,3,5,0,0,0,0,0,0,0,1,4,2,1,2013-02,2013.0 - First Half,38.0
7244,52247,96,48,5,48,6,10,7,3,2,1,4,6,0,0,0,0,0,0,0,3,3,1,1,2014-01,2014.0 - First Half,63.0
6566,72550,39,826,50,317,50,38,38,9,5,2,12,8,0,0,0,0,0,0,0,4,5,2,1,2012-08,2012.0 - Second Half,58.0
8614,65486,29,245,19,125,37,67,14,1,4,2,10,2,0,0,0,0,0,0,0,3,3,1,1,2014-12,2014.0 - Second Half,57.0
4114,79143,2,650,37,780,27,167,32,1,6,9,13,3,0,0,0,0,0,0,0,4,4,2,0,2012-11,2012.0 - Second Half,48.0
1331,35790,54,12,6,20,30,1,3,2,2,0,3,7,0,0,0,0,0,0,0,2,3,1,1,2013-02,2013.0 - First Half,36.0
2225,82582,54,510,120,550,156,40,241,1,4,9,7,1,1,0,0,1,0,0,1,4,3,1,0,2014-07,2014.0 - Second Half,37.0
9381,66373,57,328,9,124,12,24,109,7,4,2,10,3,0,0,0,0,0,0,0,3,3,2,1,2013-12,2013.0 - Second Half,35.0
10383,70287,30,295,35,482,121,120,40,1,5,5,10,3,0,0,0,0,0,0,1,4,3,1,0,2013-02,2013.0 - First Half,47.0
8375,55954,63,447,0,28,0,0,43,3,8,2,6,7,0,0,0,0,0,0,0,3,5,2,1,2014-03,2014.0 - First Half,46.0
6853,75777,12,712,26,538,69,13,80,1,3,6,11,1,0,1,1,0,0,0,1,4,4,1,0,2013-04,2013.0 - First Half,31.0
3076,66653,18,452,18,102,16,18,6,4,4,2,12,3,0,0,0,0,0,0,0,3,3,2,1,2012-07,2012.0 - Second Half,37.0
6518,67680,8,546,0,48,0,6,6,1,7,3,8,5,0,0,0,0,0,0,0,3,5,1,1,2013-11,2013.0 - Second Half,62.0
4137,70666,29,398,40,367,119,122,30,1,7,4,4,4,0,0,0,0,0,0,0,4,3,2,0,2013-06,2013.0 - First Half,65.0
1386,32474,0,10,0,1,0,0,0,1,1,0,2,7,0,0,0,0,0,0,0,1,3,2,1,2014-11,2014.0 - Second Half,47.0
1357,74854,90,856,59,487,58,29,73,7,2,5,5,5,0,0,0,0,0,0,0,4,3,2,1,2013-08,2013.0 - Second Half,43.0
1402,66991,1,496,36,460,189,60,12,3,4,8,6,3,0,0,0,0,0,0,0,3,4,2,0,2012-11,2012.0 - Second Half,58.0
8132,60631,88,565,6,65,0,6,19,5,9,2,8,7,0,1,0,0,0,0,0,3,5,2,1,2013-05,2013.0 - First Half,38.0
7503,75825,40,1032,105,779,137,105,51,0,5,8,9,4,1,0,0,0,0,0,1,4,3,1,0,2012-12,2012.0 - Second Half,36.0
10401,26326,12,1,0,5,0,3,9,1,0,0,3,3,0,0,0,0,0,1,0,1,2,2,0,2013-04,2013.0 - First Half,37.0
1618,56046,9,577,0,64,0,0,51,2,10,1,8,8,1,0,0,0,0,0,1,3,3,2,0,2013-02,2013.0 - First Half,48.0
5346,23559,87,25,5,19,7,0,23,3,3,0,3,7,0,0,0,0,0,0,0,1,2,2,1,2013-03,2013.0 - First Half,40.0
4119,38620,56,112,17,44,34,22,89,1,2,5,3,3,0,0,0,0,0,0,0,2,4,2,0,2013-11,2013.0 - Second Half,50.0
5268,29440,95,17,8,14,10,4,3,2,1,0,4,7,0,0,0,0,0,0,0,1,3,2,1,2013-11,2013.0 - Second Half,53.0
8504,79593,70,350,60,568,110,133,145,1,5,6,7,2,0,0,1,0,0,0,0,4,3,2,0,2014-12,2014.0 - Second Half,41.0
11100,51813,37,51,2,7,0,1,2,2,2,0,3,7,0,0,0,0,0,0,0,3,3,1,1,2013-11,2013.0 - Second Half,41.0
4646,78497,44,207,26,447,75,0,223,1,5,7,12,2,0,0,0,1,0,0,0,4,2,2,0,2013-01,2013.0 - First Half,62.0
8908,87195,35,217,76,690,50,26,38,1,3,11,5,1,0,0,0,0,0,0,1,4,3,2,0,2014-08,2014.0 - Second Half,55.0
8373,24594,94,1,3,6,10,0,9,1,1,0,3,5,0,0,0,0,0,0,0,1,1,2,1,2013-10,2013.0 - Second Half,34.0
2683,52413,56,295,106,271,75,98,65,4,6,4,12,6,0,0,0,0,0,0,0,3,3,2,1,2013-02,2013.0 - First Half,44.0
10991,89058,18,454,194,106,31,22,43,1,5,4,4,2,0,0,0,0,0,0,0,4,4,2,0,2012-07,2012.0 - Second Half,52.0
5077,77298,46,425,115,292,23,35,79,1,6,6,11,3,0,0,0,0,0,0,0,4,3,2,1,2013-02,2013.0 - First Half,34.0
7431,68126,40,1332,17,311,23,51,86,1,7,4,5,9,0,1,0,0,0,0,1,3,5,1,0,2012-10,2012.0 - Second Half,21.0
999,86037,95,490,44,125,29,20,22,1,6,7,11,3,0,1,1,0,0,0,1,4,3,1,0,2013-02,2013.0 - First Half,22.0
9215,43974,19,378,0,101,0,0,72,5,6,4,6,7,0,0,0,0,0,0,0,2,5,2,1,2012-12,2012.0 - Second Half,32.0
2286,50785,27,64,1,21,0,1,27,2,2,1,3,6,0,0,0,0,0,0,0,2,3,1,1,2013-10,2013.0 - Second Half,51.0
5234,30753,85,12,5,25,0,9,30,2,1,1,3,5,0,0,0,0,0,0,0,1,2,2,1,2013-11,2013.0 - Second Half,46.0
8442,19510,63,9,0,7,3,4,7,2,1,0,3,7,0,0,0,0,0,0,0,1,4,2,1,2013-04,2013.0 - First Half,28.0
7215,101970,69,722,27,102,44,72,168,0,6,8,13,2,0,1,1,1,0,0,1,4,3,1,0,2013-12,2013.0 - Second Half,30.0
3381,54348,51,70,0,16,0,0,4,2,2,0,4,6,0,0,0,0,0,0,0,3,4,2,1,2014-08,2014.0 - Second Half,61.0
8268,52247,23,352,0,27,10,0,15,3,6,1,7,6,0,0,0,0,0,0,0,3,5,2,1,2013-11,2013.0 - Second Half,52.0
11051,77376,72,492,19,110,16,12,12,4,6,3,10,4,0,0,0,0,0,0,0,4,5,2,1,2014-10,2014.0 - Second Half,58.0
433,61331,42,534,5,47,0,5,41,5,11,1,6,8,0,0,0,0,0,0,0,3,4,1,1,2013-10,2013.0 - Second Half,55.0
9597,73448,10,236,106,189,23,41,130,1,7,2,9,4,0,0,0,0,0,0,0,4,3,2,0,2014-10,2014.0 - Second Half,45.0
1295,52247,96,231,65,196,38,71,124,1,6,5,7,4,0,0,0,0,0,0,0,3,3,2,1,2013-11,2013.0 - Second Half,50.0
5342,9548,31,0,1,3,10,6,9,2,1,0,3,8,0,0,0,0,0,0,0,1,1,1,1,2012-08,2012.0 - Second Half,36.0
9579,33762,61,53,1,34,2,0,16,3,2,2,2,8,0,0,0,0,0,0,0,1,5,2,1,2013-07,2013.0 - Second Half,54.0
7987,65747,96,346,17,48,23,13,13,4,8,1,6,6,0,1,0,0,0,0,0,3,3,2,1,2014-07,2014.0 - Second Half,45.0
92,34176,12,5,7,24,19,14,20,4,3,0,4,6,0,0,0,0,0,0,0,1,3,1,1,2014-12,2014.0 - Second Half,26.0
7055,61010,57,888,0,57,0,0,76,2,8,5,11,5,0,0,0,0,0,0,0,3,5,2,1,2012-09,2012.0 - Second Half,60.0
3025,49967,4,212,6,69,4,12,3,3,6,1,5,7,0,0,0,0,0,0,0,2,3,1,1,2013-08,2013.0 - Second Half,55.0
9283,60199,49,8,1,7,2,0,0,1,0,0,3,4,0,0,0,0,0,0,0,3,3,1,1,2013-12,2013.0 - Second Half,35.0
2795,30523,0,5,0,3,0,0,5,1,1,0,2,7,0,0,0,0,0,0,0,1,4,1,1,2013-01,2013.0 - First Half,55.0
9260,70356,20,1349,16,249,43,16,33,2,10,6,9,6,0,0,0,0,0,0,0,4,5,2,0,2012-05,2012.0 - First Half,67.0
8182,23228,91,53,3,49,7,4,5,4,3,0,4,8,0,0,0,0,0,0,0,1,3,2,1,2014-05,2014.0 - First Half,30.0
10095,74165,9,1001,12,240,16,12,12,1,5,4,10,2,0,0,0,0,0,0,0,4,5,1,0,2013-01,2013.0 - First Half,38.0
8475,157243,98,20,2,1582,1,2,1,15,0,22,0,0,0,0,0,0,0,0,0,4,5,2,1,2014-01,2014.0 - First Half,41.0
6637,66951,46,277,162,305,173,76,124,1,3,4,7,1,0,0,0,0,0,0,0,3,3,1,0,2013-02,2013.0 - First Half,25.0
641,52074,77,59,0,12,0,0,48,1,2,2,2,4,1,0,0,0,0,0,0,3,3,1,1,2014-04,2014.0 - First Half,47.0
8717,80427,56,1149,71,449,69,71,26,1,11,8,8,5,0,0,0,0,0,0,0,4,5,2,1,2012-12,2012.0 - Second Half,37.0
6935,78497,44,207,26,447,75,0,223,1,5,7,12,2,0,0,0,1,0,0,0,4,2,2,0,2013-01,2013.0 - First Half,62.0
7698,51650,81,152,3,22,2,5,7,1,4,1,4,5,0,0,0,0,0,0,0,2,5,2,1,2014-11,2014.0 - Second Half,38.0
3559,16248,77,12,11,10,3,12,9,3,2,1,3,6,0,0,0,0,0,0,0,1,2,2,1,2014-10,2014.0 - Second Half,26.0
3518,25271,45,10,1,18,10,4,7,1,1,1,2,9,0,0,0,0,0,0,0,1,3,2,1,2012-05,2012.0 - First Half,29.0
5823,32303,63,35,0,2,0,0,2,2,1,0,4,5,0,0,0,0,0,0,0,1,5,1,1,2014-08,2014.0 - Second Half,44.0
3934,61286,34,356,0,107,19,9,117,2,7,1,8,5,0,0,0,0,0,0,0,3,3,2,1,2013-02,2013.0 - First Half,47.0
9733,24882,52,1,4,10,29,0,36,1,1,1,2,6,1,0,0,0,0,0,0,1,1,2,1,2012-09,2012.0 - Second Half,34.0
10424,75922,60,265,138,553,224,23,92,1,4,4,9,1,0,0,0,0,0,0,0,4,3,1,0,2013-09,2013.0 - Second Half,45.0
2798,102160,54,763,29,138,76,176,58,0,7,9,10,4,0,1,1,1,0,0,1,4,5,2,0,2012-02,2012.0 - First Half,35.0
624,18890,5,6,4,1,7,2,15,1,0,1,2,6,1,0,0,0,0,0,1,1,4,1,0,2012-10,2012.0 - Second Half,28.0
5176,29604,88,7,6,13,7,6,14,1,1,0,3,9,1,0,0,0,0,0,0,1,3,2,1,2013-08,2013.0 - Second Half,25.0
868,44794,99,54,0,7,0,0,4,1,2,0,3,6,0,0,0,0,0,0,0,2,3,2,1,2014-08,2014.0 - Second Half,48.0
380,64497,17,1170,48,320,42,32,192,5,11,4,9,8,1,0,0,0,0,0,1,3,3,1,1,2012-10,2012.0 - Second Half,58.0
6927,44377,70,224,0,30,0,0,10,8,5,1,5,8,0,0,0,0,0,0,0,2,5,2,1,2012-05,2012.0 - First Half,44.0
0,70951,66,239,10,554,254,87,54,1,3,4,9,1,0,0,0,0,0,0,0,4,3,2,0,2013-04,2013.0 - First Half,28.0
1584,41443,79,171,7,171,25,19,89,6,8,1,5,8,0,0,0,0,0,0,0,2,3,2,1,2014-01,2014.0 - First Half,37.0
7264,52195,2,12,0,4,0,0,1,1,1,0,2,8,0,0,0,0,0,0,0,3,2,1,1,2014-12,2014.0 - Second Half,36.0
1755,45204,93,30,11,25,29,1,18,1,1,1,4,3,0,0,0,0,0,0,0,2,2,2,1,2014-11,2014.0 - Second Half,26.0
9076,30732,44,155,1,25,0,1,3,4,4,1,4,8,0,0,0,0,0,0,0,1,5,2,1,2013-05,2013.0 - First Half,33.0
7079,63887,38,897,23,207,15,11,92,5,9,6,12,6,0,0,0,0,0,0,0,3,3,1,1,2012-08,2012.0 - Second Half,50.0
709,51537,27,787,20,204,0,0,92,3,2,2,11,8,0,0,0,0,0,0,0,2,3,1,1,2012-09,2012.0 - Second Half,60.0
460,79930,72,792,86,740,67,51,17,1,3,5,8,2,0,0,0,0,0,0,0,4,5,2,0,2012-08,2012.0 - Second Half,40.0
5341,81975,2,983,76,184,180,138,27,1,6,3,4,7,0,0,1,0,0,0,0,4,2,1,1,2013-05,2013.0 - First Half,51.0
89,22212,49,5,9,20,6,8,21,2,2,0,4,6,0,0,0,0,0,0,0,1,2,2,1,2013-09,2013.0 - Second Half,38.0
2936,23661,46,18,0,4,0,0,1,1,1,0,3,7,0,0,0,0,0,0,0,1,4,2,1,2013-04,2013.0 - First Half,31.0
9449,79761,32,415,5,124,15,35,11,1,5,2,11,3,0,0,0,0,0,0,0,4,5,1,1,2013-04,2013.0 - First Half,55.0
7411,31686,31,11,0,5,0,0,1,2,1,0,3,6,0,0,0,0,0,0,0,1,5,2,1,2014-05,2014.0 - First Half,50.0
9265,75027,74,925,64,179,133,12,77,2,9,4,6,5,0,0,0,0,0,0,0,4,3,2,1,2013-09,2013.0 - Second Half,60.0
10089,102692,5,168,148,444,32,172,148,1,6,9,13,2,0,1,1,1,1,0,1,4,3,1,0,2013-05,2013.0 - First Half,39.0
2661,18701,95,12,4,2,10,6,10,4,2,0,4,5,0,0,0,0,0,0,0,1,3,1,1,2013-04,2013.0 - First Half,49.0
3153,40737,24,11,0,4,0,0,2,1,1,0,2,8,0,0,0,0,0,0,0,2,5,1,1,2013-08,2013.0 - Second Half,56.0
10264,15287,60,1,2,8,4,3,13,2,1,1,2,7,1,0,0,0,0,0,1,1,3,1,1,2012-10,2012.0 - Second Half,33.0
2387,43776,9,177,2,71,3,2,20,6,5,2,4,8,0,0,0,0,0,0,1,2,4,2,1,2013-03,2013.0 - First Half,61.0
4557,22070,11,10,7,19,8,2,21,2,2,2,2,6,0,0,0,0,0,0,0,1,3,2,1,2013-04,2013.0 - First Half,43.0
3066,61905,2,167,0,43,6,2,13,2,4,2,4,5,0,0,0,0,0,0,0,3,5,2,1,2014-04,2014.0 - First Half,39.0
6336,29315,55,13,2,14,8,7,4,4,2,0,4,6,0,0,0,0,0,0,0,1,3,2,1,2014-06,2014.0 - First Half,54.0
10967,33378,38,33,6,40,3,7,10,3,2,0,4,7,0,0,0,0,0,0,0,1,3,1,1,2013-06,2013.0 - First Half,50.0
3762,69867,30,196,0,512,33,130,54,1,3,5,8,1,0,0,0,1,0,0,1,4,5,1,0,2013-02,2013.0 - First Half,27.0
4669,24480,46,4,19,9,28,25,17,3,3,0,4,7,0,0,0,0,0,0,0,1,1,2,1,2013-11,2013.0 - Second Half,32.0
1672,65640,74,204,7,149,20,15,66,1,5,1,8,2,0,0,0,0,0,0,0,3,5,2,1,2014-01,2014.0 - First Half,40.0
9974,30631,75,15,6,20,4,5,20,1,3,1,2,7,0,0,0,0,0,0,0,1,3,2,1,2013-12,2013.0 - Second Half,39.0
8148,50898,88,285,28,242,55,114,135,13,6,2,12,5,0,0,0,0,0,0,0,2,4,2,1,2013-08,2013.0 - Second Half,57.0
10102,79946,19,395,183,565,166,141,28,1,5,11,5,3,0,0,0,0,0,0,0,4,3,1,0,2014-12,2014.0 - Second Half,48.0
9262,32414,11,20,6,5,0,9,12,1,1,0,3,7,1,0,0,0,0,0,0,1,2,2,0,2013-04,2013.0 - First Half,29.0
10451,29672,6,9,1,3,0,4,8,1,0,0,3,6,0,0,0,0,0,0,0,1,3,2,1,2013-12,2013.0 - Second Half,48.0
2874,35388,20,6,4,7,4,3,8,1,1,0,3,7,0,0,0,0,0,0,0,1,2,1,1,2013-07,2013.0 - Second Half,25.0
7119,68627,45,395,15,263,60,54,38,1,2,3,6,1,0,0,0,0,0,0,0,4,3,1,0,2013-12,2013.0 - Second Half,31.0
5596,58821,44,513,14,154,19,0,28,1,9,2,9,6,0,0,0,0,0,0,0,3,2,2,1,2013-12,2013.0 - Second Half,57.0
10812,46377,89,37,0,46,4,3,0,1,2,1,3,4,0,0,0,0,0,0,0,2,5,2,1,2014-01,2014.0 - First Half,36.0
6963,77457,85,675,11,400,15,45,11,1,2,5,10,1,0,0,1,0,0,0,0,4,3,1,0,2014-05,2014.0 - First Half,67.0
4440,64100,93,509,0,27,0,0,10,1,8,3,6,7,0,1,0,0,0,0,0,3,4,2,1,2013-10,2013.0 - Second Half,49.0
2437,52247,69,861,138,461,60,30,61,1,6,5,12,3,0,1,0,1,0,0,0,3,3,2,0,2013-03,2013.0 - First Half,24.0
6320,70893,42,768,44,561,77,44,14,1,6,6,10,3,0,0,0,0,0,0,0,4,4,1,0,2013-06,2013.0 - First Half,37.0
231,28839,86,24,0,7,0,0,1,2,2,0,3,5,0,0,0,0,0,0,0,1,4,2,1,2014-11,2014.0 - Second Half,58.0
520,34421,81,3,3,7,6,2,9,1,1,0,2,7,0,0,0,0,0,0,0,1,3,2,1,2013-01,2013.0 - First Half,39.0
8275,47025,6,16,0,3,0,0,1,1,1,0,2,7,0,0,0,0,0,0,0,2,5,1,1,2014-09,2014.0 - Second Half,49.0
9750,64325,41,731,60,353,78,12,73,5,10,3,5,7,0,0,0,0,0,0,0,3,5,1,1,2013-07,2013.0 - Second Half,52.0
2607,40464,78,424,17,118,7,23,41,6,8,2,8,8,0,0,0,0,0,0,0,2,3,1,1,2013-11,2013.0 - Second Half,60.0
7214,62187,49,792,0,275,45,45,126,1,4,8,5,3,0,0,0,0,0,0,0,3,3,2,0,2013-05,2013.0 - First Half,56.0
5835,14849,39,21,2,28,3,2,9,3,2,0,4,8,0,0,0,0,0,0,0,1,5,1,1,2013-02,2013.0 - First Half,37.0
3896,27255,3,22,1,11,0,1,2,1,1,0,3,7,0,0,0,0,0,0,0,1,3,2,1,2013-07,2013.0 - Second Half,29.0
10350,54432,37,33,0,5,0,0,0,1,1,0,3,4,0,0,0,0,0,0,0,3,5,2,1,2013-09,2013.0 - Second Half,63.0
663,33996,46,40,2,15,8,0,6,1,1,1,3,4,0,0,0,0,0,0,0,1,5,1,0,2013-11,2013.0 - Second Half,24.0
10675,66334,82,909,11,218,0,0,23,2,9,3,5,5,0,0,0,0,0,0,1,3,5,2,1,2013-03,2013.0 - First Half,57.0
2521,35178,10,23,1,13,2,2,18,1,1,1,2,7,1,0,0,0,0,0,1,1,4,2,1,2013-10,2013.0 - Second Half,42.0
10151,62204,38,317,46,247,151,46,139,1,4,5,12,3,0,0,0,0,0,0,0,3,3,1,1,2012-12,2012.0 - Second Half,52.0
7381,75693,10,797,153,293,72,97,30,1,11,4,6,4,0,1,1,1,0,0,1,4,3,1,0,2012-06,2012.0 - First Half,44.0
4099,30675,14,10,2,16,11,2,21,1,1,0,3,8,0,0,0,0,0,0,0,1,3,2,1,2012-12,2012.0 - Second Half,40.0
9560,83003,18,856,61,570,40,25,122,1,7,6,8,3,0,0,1,0,0,0,1,4,3,2,0,2013-03,2013.0 - First Half,48.0
10172,68655,95,456,19,832,75,118,38,1,4,5,11,3,0,0,0,0,0,0,0,4,3,1,0,2012-10,2012.0 - Second Half,24.0
11191,41411,11,37,32,38,11,3,18,1,2,1,4,6,0,0,0,0,0,0,0,2,3,1,0,2013-07,2013.0 - Second Half,27.0
1411,82623,58,204,34,204,172,153,173,1,2,9,4,1,0,0,0,0,0,0,0,4,3,1,0,2013-10,2013.0 - Second Half,61.0
11030,33181,90,9,0,3,0,0,4,1,1,0,2,6,1,0,0,0,0,0,0,1,4,2,1,2014-03,2014.0 - First Half,38.0
175,71952,93,656,80,455,52,107,93,2,8,4,8,4,1,0,1,0,0,0,0,4,3,2,1,2013-10,2013.0 - Second Half,27.0
2061,50737,61,78,0,11,0,0,10,1,2,0,4,6,0,1,0,0,0,0,0,2,3,2,1,2013-11,2013.0 - Second Half,58.0
6184,68462,6,561,64,785,84,128,48,1,3,3,8,1,0,0,0,0,0,0,0,4,5,2,0,2012-12,2012.0 - Second Half,43.0
4107,46681,52,269,15,69,15,19,38,2,4,6,4,5,0,0,0,0,0,0,0,2,5,2,1,2013-08,2013.0 - Second Half,65.0
2928,52614,63,789,0,142,12,9,38,2,2,4,8,8,0,0,0,0,0,0,0,3,5,1,1,2012-01,2012.0 - First Half,37.0
1245,63810,45,977,12,253,16,12,101,4,4,3,12,8,0,1,0,0,0,0,0,3,3,1,1,2012-11,2012.0 - Second Half,46.0
1729,66426,14,1043,24,97,32,24,157,2,3,5,10,6,0,0,0,0,0,0,0,3,5,2,1,2013-02,2013.0 - First Half,52.0
2098,33581,38,11,0,5,0,0,1,1,1,0,2,8,0,0,0,0,0,0,0,1,5,2,1,2013-08,2013.0 - Second Half,44.0
6878,27421,14,43,12,96,78,40,55,3,4,1,6,7,0,0,0,0,0,0,0,1,3,1,0,2012-12,2012.0 - Second Half,58.0
6202,63381,78,571,50,142,33,50,159,4,4,5,13,2,0,0,0,0,0,0,0,3,3,2,1,2012-05,2012.0 - First Half,52.0
9799,83664,57,866,21,151,28,21,86,3,2,2,12,5,0,0,0,0,0,0,0,4,5,1,1,2013-08,2013.0 - Second Half,45.0
8318,90300,7,594,134,786,33,134,57,0,5,6,8,1,0,0,1,0,0,0,0,4,3,2,0,2014-03,2014.0 - First Half,35.0
5642,62499,0,140,4,61,0,13,4,2,3,1,6,4,0,0,0,0,0,0,0,3,4,2,1,2013-09,2013.0 - Second Half,34.0
2669,74293,66,375,152,335,93,91,81,1,5,4,6,2,0,0,0,0,0,0,0,4,3,1,0,2014-04,2014.0 - First Half,21.0
3428,68682,56,919,0,505,99,30,45,1,4,9,10,2,0,0,0,0,0,0,0,4,5,2,0,2013-06,2013.0 - First Half,22.0
8213,14515,71,6,4,9,6,36,35,4,2,2,3,7,0,0,0,0,0,0,1,1,2,2,1,2012-09,2012.0 - Second Half,32.0
615,30507,29,65,36,74,38,20,110,1,5,1,4,7,0,0,0,0,0,0,0,1,3,2,0,2013-11,2013.0 - Second Half,53.0
194,48006,55,23,0,11,3,2,2,1,1,0,3,6,0,0,0,0,0,0,0,2,3,2,1,2014-09,2014.0 - Second Half,49.0
5049,30351,19,14,0,24,3,3,2,1,3,0,2,9,0,0,0,0,0,0,0,1,5,2,1,2013-06,2013.0 - First Half,39.0
10882,53858,50,407,53,221,58,150,26,4,4,3,6,4,0,0,0,0,0,0,0,3,3,2,1,2012-09,2012.0 - Second Half,36.0
8581,49505,4,604,0,100,19,0,28,9,10,2,8,8,0,0,0,0,0,0,0,2,4,2,1,2013-05,2013.0 - First Half,42.0
5929,37401,14,19,3,19,3,1,3,2,2,0,3,7,0,0,0,0,0,0,0,2,5,2,1,2014-06,2014.0 - First Half,41.0
6528,18492,75,2,2,2,2,1,1,1,1,0,2,8,0,0,0,0,0,0,0,1,4,2,1,2014-05,2014.0 - First Half,32.0
1361,82584,26,1076,68,103,29,91,68,1,3,4,8,1,0,1,1,0,0,0,1,4,4,2,0,2013-04,2013.0 - First Half,39.0
7284,48686,8,10,0,7,2,0,1,1,1,0,2,8,0,0,0,0,0,0,0,2,3,2,1,2013-04,2013.0 - First Half,60.0
8746,75433,28,800,0,297,0,34,57,2,2,5,10,6,0,1,0,1,0,0,0,4,3,2,1,2014-05,2014.0 - First Half,25.0
5987,10404,52,2,2,11,10,6,12,2,1,0,4,5,0,0,0,0,0,0,0,1,2,2,1,2014-04,2014.0 - First Half,25.0
3725,84865,1,1248,16,349,43,16,16,1,2,4,9,4,0,1,1,1,1,0,1,4,5,1,0,2013-09,2013.0 - Second Half,52.0
498,30015,28,25,0,22,2,3,5,2,1,0,4,5,0,0,0,0,0,0,0,1,3,1,1,2014-02,2014.0 - First Half,44.0
10664,51529,14,400,4,35,6,0,22,2,9,1,5,8,0,0,0,0,0,0,0,2,4,1,1,2013-07,2013.0 - Second Half,64.0
456,7500,96,1,11,5,4,6,9,2,2,0,3,8,0,0,0,0,0,0,0,1,2,2,1,2013-07,2013.0 - Second Half,27.0
5012,28691,56,5,4,13,8,0,4,1,1,0,3,8,0,0,0,0,0,0,0,1,3,2,1,2013-04,2013.0 - First Half,24.0
5029,18100,14,3,1,2,4,3,1,1,0,0,3,5,0,0,0,0,0,0,0,1,3,2,0,2013-06,2013.0 - First Half,67.0
5954,42618,92,76,14,74,13,5,10,2,5,0,4,8,0,0,0,0,0,0,0,2,4,1,1,2013-09,2013.0 - Second Half,41.0
2541,24027,7,14,7,11,11,0,5,2,2,0,3,8,0,0,0,0,0,0,0,1,3,2,1,2013-09,2013.0 - Second Half,37.0
2276,57959,71,430,16,322,43,24,33,5,4,7,11,3,0,0,0,0,0,0,0,3,3,1,1,2013-02,2013.0 - First Half,58.0
6131,70829,87,141,70,106,72,19,23,2,4,2,8,3,0,0,0,0,0,0,0,4,2,2,1,2013-01,2013.0 - First Half,33.0
6233,65991,21,507,19,364,25,47,9,3,9,5,10,7,0,0,0,0,0,0,0,3,3,2,1,2012-07,2012.0 - Second Half,36.0
3225,42207,71,116,11,72,3,17,46,4,4,1,5,6,1,0,0,0,0,0,1,2,4,2,1,2013-01,2013.0 - First Half,29.0
1992,60597,2,522,0,257,32,16,66,4,2,2,8,7,0,0,0,1,0,0,1,3,3,2,1,2014-01,2014.0 - First Half,50.0
2416,66582,83,789,25,420,16,38,0,1,2,8,9,1,0,0,0,0,0,0,0,3,5,1,0,2014-03,2014.0 - First Half,45.0
9697,53790,86,335,42,127,28,5,5,3,7,2,8,6,0,0,0,0,0,0,0,3,3,2,1,2014-06,2014.0 - First Half,63.0
1581,37406,18,2,0,8,2,2,3,1,1,0,2,8,0,0,0,0,0,0,1,2,3,2,1,2013-10,2013.0 - Second Half,33.0
564,56937,81,746,8,125,11,8,8,7,8,6,9,6,0,1,0,0,0,0,1,3,5,2,1,2012-04,2012.0 - First Half,31.0
6619,38415,91,22,1,13,4,0,4,2,1,0,3,7,0,0,0,0,0,0,0,2,3,2,1,2013-02,2013.0 - First Half,35.0
916,41644,67,20,3,4,2,0,2,2,1,0,3,3,0,0,0,0,0,0,0,2,5,1,1,2014-09,2014.0 - Second Half,42.0
5154,37760,54,26,3,13,2,10,0,1,2,0,3,6,0,0,0,0,0,0,0,2,4,1,1,2013-11,2013.0 - Second Half,41.0
9286,83151,93,407,28,100,120,74,18,1,5,9,4,3,0,0,0,0,0,0,0,4,4,2,0,2012-10,2012.0 - Second Half,52.0
22,46310,99,185,2,88,15,5,14,2,6,1,5,8,0,0,0,0,0,0,0,2,3,1,1,2012-03,2012.0 - First Half,36.0
9426,58308,77,691,0,69,10,0,130,4,2,6,3,8,0,0,0,0,0,0,0,3,4,1,1,2013-12,2013.0 - Second Half,49.0
8737,55563,22,29,1,9,2,0,2,1,2,0,3,3,0,0,0,0,0,0,0,3,3,1,1,2014-05,2014.0 - First Half,36.0
466,65275,9,388,14,218,91,14,21,1,4,3,13,2,0,0,0,0,0,0,0,3,3,2,0,2013-03,2013.0 - First Half,69.0
9135,27203,92,13,2,21,4,0,24,2,1,1,2,8,0,0,0,0,0,0,0,1,3,2,1,2012-06,2012.0 - First Half,62.0
4945,53653,29,815,10,239,28,10,108,2,10,4,12,6,0,0,0,0,0,0,0,3,3,1,0,2012-07,2012.0 - Second Half,59.0
10584,65665,77,225,162,387,106,36,29,1,5,10,8,3,0,0,0,0,0,0,0,3,3,2,1,2013-02,2013.0 - First Half,37.0
182,44124,62,284,0,55,0,6,52,4,6,2,5,8,0,0,0,0,0,0,0,2,5,2,1,2013-11,2013.0 - Second Half,67.0
11025,36443,9,65,0,46,4,3,20,4,3,1,3,8,0,0,0,0,0,0,0,2,3,2,1,2013-03,2013.0 - First Half,52.0
3711,80184,19,1035,134,670,25,38,0,1,6,3,10,3,0,0,1,1,0,0,0,4,4,2,0,2014-01,2014.0 - First Half,70.0
2532,73454,95,982,73,351,56,14,175,1,2,4,6,5,1,0,0,0,0,0,0,4,4,1,0,2014-01,2014.0 - First Half,27.0
35,25545,35,32,1,64,16,12,85,3,2,2,3,6,0,0,0,0,0,0,1,1,3,2,1,2012-08,2012.0 - Second Half,25.0
2258,32880,76,8,4,15,7,6,2,1,1,0,3,8,0,0,0,0,0,0,0,1,3,2,1,2012-04,2012.0 - First Half,26.0
713,50353,72,141,15,153,67,31,35,1,4,4,6,3,0,0,0,0,0,0,0,2,4,2,0,2014-08,2014.0 - Second Half,37.0
4702,61839,20,1000,155,379,224,17,120,1,4,8,4,8,0,0,0,0,0,0,0,3,3,1,0,2012-12,2012.0 - Second Half,48.0
3281,49154,69,206,10,67,30,27,71,6,4,1,8,6,0,0,0,0,0,0,0,2,5,2,1,2013-03,2013.0 - First Half,53.0
10741,47352,70,172,12,112,8,0,15,4,6,1,5,7,0,0,0,0,0,0,0,2,4,2,1,2013-11,2013.0 - Second Half,62.0
11096,57247,50,99,4,32,37,54,6,2,2,1,7,2,0,0,0,0,0,0,0,3,2,2,1,2013-08,2013.0 - Second Half,61.0
3665,25315,46,1,9,8,11,3,22,3,3,0,3,8,0,0,0,0,0,0,0,1,2,2,1,2013-07,2013.0 - Second Half,36.0
10591,43638,37,63,10,83,7,19,19,2,4,1,4,7,0,0,0,0,0,0,0,2,3,1,1,2012-06,2012.0 - First Half,43.0
5547,84169,9,1478,19,403,0,19,0,1,7,6,6,3,0,1,1,0,0,0,1,4,5,2,0,2013-07,2013.0 - Second Half,31.0
7822,54058,56,198,18,252,32,108,54,2,4,6,8,3,0,0,0,0,0,0,0,3,3,2,1,2013-04,2013.0 - First Half,37.0
8541,24683,98,8,4,10,6,7,6,2,2,0,4,5,0,0,0,0,0,0,0,1,2,2,1,2014-08,2014.0 - Second Half,24.0
10955,85620,68,416,46,925,60,107,46,1,3,6,4,1,0,0,0,0,0,0,1,4,3,1,0,2014-07,2014.0 - Second Half,50.0
4368,47850,72,42,7,43,20,12,10,1,3,0,4,6,0,0,0,0,0,0,0,2,3,2,1,2013-03,2013.0 - First Half,33.0
5371,21474,0,6,16,24,11,0,34,2,3,1,2,7,1,0,0,0,0,0,1,1,3,1,1,2014-08,2014.0 - Second Half,25.0
9240,60504,73,458,0,24,6,4,34,2,6,2,8,6,0,0,0,0,0,0,0,3,5,1,1,2014-07,2014.0 - Second Half,43.0
9504,81698,4,179,28,520,111,123,47,1,3,8,13,1,0,0,0,0,0,0,1,4,4,2,0,2013-06,2013.0 - First Half,64.0
8692,43462,50,90,17,97,15,6,15,6,4,1,5,8,0,0,0,0,0,0,0,2,3,2,1,2012-12,2012.0 - Second Half,60.0
448,54880,57,308,85,137,102,45,118,2,6,2,11,5,0,0,0,0,0,0,0,3,5,1,1,2013-01,2013.0 - First Half,35.0
8314,79908,30,557,129,761,29,185,111,1,5,6,7,2,0,0,1,0,0,0,0,4,3,2,0,2013-05,2013.0 - First Half,31.0
8420,15315,27,7,4,13,15,8,17,2,2,0,4,5,0,0,0,0,0,0,0,1,2,2,0,2013-03,2013.0 - First Half,43.0
7685,33039,4,30,8,12,8,8,12,1,2,0,4,5,0,0,0,0,0,0,0,1,3,2,1,2013-09,2013.0 - Second Half,35.0
10232,48799,9,174,18,81,28,6,24,3,3,2,7,3,0,0,0,0,0,0,0,2,5,1,1,2013-05,2013.0 - First Half,50.0
4184,52157,48,189,2,29,3,2,40,2,3,2,5,4,0,0,0,0,0,0,0,3,5,2,1,2014-07,2014.0 - Second Half,64.0
9120,66565,80,747,10,161,65,40,42,4,4,2,9,8,0,0,0,0,0,0,0,3,3,1,1,2012-05,2012.0 - First Half,50.0
891,29298,60,6,0,2,2,0,1,1,1,0,2,5,0,0,0,0,0,0,0,1,4,2,1,2013-07,2013.0 - Second Half,62.0
10381,47691,43,14,0,3,0,0,4,1,1,0,2,6,0,0,0,0,0,0,0,2,3,1,1,2013-05,2013.0 - First Half,34.0
3525,38200,19,12,0,4,0,0,1,1,1,0,2,7,0,0,0,0,0,0,0,2,3,2,1,2012-07,2012.0 - Second Half,42.0
6818,44989,26,98,0,106,49,10,106,5,5,1,5,6,0,0,0,0,0,0,0,2,3,2,1,2012-12,2012.0 - Second Half,38.0
1029,64413,27,200,5,44,0,10,20,1,5,1,5,5,0,0,0,0,0,0,0,3,5,2,1,2013-01,2013.0 - First Half,43.0
7369,36959,56,25,6,25,6,0,0,2,2,0,3,8,0,0,0,0,0,0,0,2,4,2,1,2013-02,2013.0 - First Half,32.0
8159,51287,10,117,0,22,13,0,30,3,4,1,3,7,0,0,0,0,0,0,0,2,3,2,1,2014-01,2014.0 - First Half,46.0
5253,54603,85,145,13,46,17,2,4,6,4,2,4,7,0,0,0,0,0,0,0,3,4,2,1,2013-09,2013.0 - Second Half,57.0
5966,45207,64,203,0,10,0,0,2,5,3,1,6,6,0,1,0,0,0,0,0,2,5,2,1,2012-10,2012.0 - Second Half,38.0
5756,39453,64,46,0,7,0,0,2,2,2,0,3,6,0,0,0,0,0,0,0,2,3,2,1,2014-03,2014.0 - First Half,31.0
3710,39684,41,19,0,35,6,4,17,2,2,1,2,7,0,0,0,0,0,1,1,2,5,1,1,2012-12,2012.0 - Second Half,28.0
7627,92163,25,817,183,797,106,163,20,0,5,11,5,2,0,0,1,1,0,0,1,4,4,2,0,2012-12,2012.0 - Second Half,37.0
4501,69882,94,292,127,635,132,127,165,1,3,7,9,1,0,0,0,0,0,0,0,4,4,1,0,2013-10,2013.0 - Second Half,48.0
3075,59973,47,130,30,168,20,34,0,1,3,4,7,1,0,0,0,0,0,0,0,3,5,2,0,2013-11,2013.0 - Second Half,41.0
6919,26224,39,4,7,15,13,9,15,3,2,1,3,6,0,0,0,0,0,0,0,1,2,2,1,2013-04,2013.0 - First Half,35.0
895,61467,69,410,16,114,0,5,49,3,5,2,10,5,0,0,0,0,0,0,0,3,5,2,1,2012-09,2012.0 - Second Half,64.0
7232,42429,99,55,0,6,2,0,4,2,1,1,3,5,0,0,0,0,0,0,0,2,3,1,1,2014-11,2014.0 - Second Half,41.0
8477,26150,61,5,1,13,3,5,1,1,1,0,3,7,0,0,0,0,0,0,0,1,3,1,1,2013-11,2013.0 - Second Half,57.0
988,81168,84,410,0,592,147,22,22,1,6,4,7,3,0,0,0,1,0,0,0,4,3,2,0,2014-07,2014.0 - Second Half,49.0
6682,18978,41,2,8,1,4,7,15,1,1,0,3,8,0,0,0,0,0,0,0,1,1,2,1,2012-11,2012.0 - Second Half,39.0
10299,48240,73,389,91,248,64,49,41,3,6,3,13,5,0,0,0,0,0,0,1,2,5,1,0,2012-09,2012.0 - Second Half,43.0
8953,35791,94,27,0,5,0,0,3,2,1,0,3,8,0,0,0,0,0,0,0,2,4,1,1,2013-06,2013.0 - First Half,48.0
1503,162397,31,85,1,16,2,1,2,0,0,0,1,1,0,0,0,0,0,0,0,4,5,2,1,2013-03,2013.0 - First Half,37.0
2782,54456,23,352,0,27,10,0,15,3,6,1,7,6,0,0,0,0,0,0,0,3,5,2,1,2013-11,2013.0 - Second Half,52.0
10972,72298,52,625,35,169,58,17,35,1,4,3,6,1,0,1,1,0,0,0,0,4,3,1,0,2014-10,2014.0 - Second Half,65.0
6583,72635,54,390,22,323,104,35,107,1,6,8,6,3,0,0,0,1,0,0,0,4,2,2,0,2013-03,2013.0 - First Half,58.0
10156,84196,56,215,63,507,231,31,190,1,8,4,7,3,0,0,0,0,0,0,0,4,3,1,1,2013-03,2013.0 - First Half,38.0
3469,34487,94,19,18,33,24,1,8,3,3,0,3,9,0,0,0,0,0,0,0,1,5,1,1,2012-06,2012.0 - First Half,35.0
8461,46102,3,14,0,1,0,0,1,1,1,0,2,7,0,0,0,0,0,0,0,2,3,1,1,2014-10,2014.0 - Second Half,52.0
6945,84574,72,387,20,713,38,54,163,1,9,11,11,5,0,0,0,0,0,0,0,4,3,1,0,2013-04,2013.0 - First Half,61.0
944,56181,6,121,103,69,8,44,48,1,4,2,7,4,0,0,0,0,0,0,0,3,3,2,1,2013-08,2013.0 - Second Half,51.0
701,73691,58,707,21,250,85,43,73,2,6,2,8,2,1,0,0,0,0,0,0,4,3,2,1,2013-06,2013.0 - First Half,42.0
3856,63381,78,571,50,142,33,50,159,4,4,5,13,2,0,0,0,0,0,0,0,3,3,2,1,2012-05,2012.0 - First Half,52.0
2942,45906,20,305,3,27,4,3,144,2,5,4,4,5,1,0,0,0,0,0,0,2,3,1,1,2013-07,2013.0 - Second Half,49.0
1173,77632,73,1200,105,758,0,42,147,1,4,2,6,2,0,1,1,0,0,0,1,4,4,2,0,2013-10,2013.0 - Second Half,66.0
6661,67445,63,757,80,217,29,80,11,5,9,6,12,6,0,0,0,0,0,0,0,3,3,2,1,2012-12,2012.0 - Second Half,38.0
3277,49431,9,219,3,100,26,0,17,2,7,1,5,8,0,0,0,0,0,0,0,2,3,1,1,2012-03,2012.0 - First Half,57.0
5555,153924,81,1,1,1,1,1,1,0,0,0,0,0,0,0,0,0,0,0,0,4,3,1,0,2014-07,2014.0 - Second Half,39.0
2564,61278,87,111,3,28,2,6,15,2,3,1,4,6,0,0,0,0,0,0,0,3,3,2,1,2014-04,2014.0 - First Half,61.0
55,56253,83,509,0,65,7,11,5,4,7,2,9,6,0,0,0,0,0,0,0,3,3,2,1,2012-07,2012.0 - Second Half,49.0
1777,25965,29,2,2,11,41,7,11,1,2,0,3,8,0,0,0,0,0,0,0,1,1,2,0,2012-07,2012.0 - Second Half,32.0
8162,14661,88,4,1,11,6,2,2,1,1,0,3,6,0,0,0,0,0,0,0,1,4,2,0,2013-01,2013.0 - First Half,57.0
11007,29187,43,26,0,6,0,0,2,1,1,0,3,8,0,0,0,0,0,0,0,1,5,2,1,2013-09,2013.0 - Second Half,45.0
7426,54690,76,111,16,37,7,9,18,3,3,1,5,3,0,0,0,0,0,0,0,3,2,2,1,2013-07,2013.0 - Second Half,42.0
10379,59247,87,327,9,122,19,14,83,5,5,2,9,6,0,0,0,0,0,0,0,3,4,1,1,2013-08,2013.0 - Second Half,51.0
9204,66731,33,371,159,194,58,106,141,4,4,3,6,3,0,0,0,0,0,0,0,3,3,1,1,2012-12,2012.0 - Second Half,42.0
2920,52614,63,789,0,142,12,9,38,2,2,4,8,8,0,0,0,0,0,0,0,3,5,1,1,2012-01,2012.0 - First Half,37.0
9937,70337,75,187,81,149,25,43,91,1,2,2,12,1,0,0,0,0,0,0,0,4,3,1,0,2014-02,2014.0 - First Half,35.0
10142,66476,99,372,18,126,47,48,78,2,5,2,11,4,0,0,0,0,0,0,0,3,5,1,1,2013-07,2013.0 - Second Half,37.0
9826,86857,96,899,102,838,133,102,40,1,5,6,10,2,0,0,0,0,0,0,1,4,5,1,0,2012-12,2012.0 - Second Half,40.0
1501,160803,21,55,16,1622,17,3,4,15,0,28,1,0,0,0,0,0,0,0,0,4,5,2,0,2012-04,2012.0 - First Half,30.0
7230,50611,98,459,0,24,6,0,4,6,4,5,7,6,0,1,0,0,0,0,1,2,5,1,1,2012-04,2012.0 - First Half,52.0
450,42315,90,67,15,80,17,11,80,3,1,4,4,3,0,0,0,0,0,0,0,2,4,2,1,2013-12,2013.0 - Second Half,55.0
9316,13084,29,2,0,7,3,7,10,1,1,0,3,6,0,0,0,0,0,0,0,1,1,2,0,2013-02,2013.0 - First Half,61.0
2868,26518,33,20,1,28,3,3,2,3,2,0,3,8,0,0,0,0,0,0,1,1,5,1,1,2013-08,2013.0 - Second Half,64.0
10888,45938,46,273,11,178,62,83,29,2,8,4,6,6,0,0,0,0,0,0,0,2,3,1,0,2013-03,2013.0 - First Half,52.0
1277,78468,29,434,22,388,104,22,34,1,10,7,10,4,0,0,0,1,0,0,0,4,3,2,0,2014-09,2014.0 - Second Half,54.0
10196,71427,26,212,123,177,15,64,23,2,8,2,8,4,0,0,0,0,0,0,0,4,3,2,1,2014-12,2014.0 - Second Half,36.0
6384,71022,30,909,12,278,0,12,242,3,5,2,11,8,1,0,0,0,0,0,0,4,3,1,1,2014-11,2014.0 - Second Half,36.0
6988,71952,93,656,80,455,52,107,93,2,8,4,8,4,1,0,1,0,0,0,0,4,3,2,1,2013-10,2013.0 - Second Half,27.0
6991,43185,88,537,6,42,16,6,30,2,9,3,6,8,0,0,0,0,0,0,0,2,3,1,1,2013-10,2013.0 - Second Half,62.0
4301,35178,10,23,1,13,2,2,18,1,1,1,2,7,1,0,0,0,0,0,1,1,4,2,1,2013-10,2013.0 - Second Half,42.0
1940,25252,26,1,3,4,2,2,6,1,1,0,2,8,0,0,0,0,0,0,0,1,3,2,1,2013-12,2013.0 - Second Half,27.0
6969,50272,75,99,13,66,43,8,4,3,4,1,5,7,0,0,0,0,0,0,0,2,3,2,1,2013-07,2013.0 - Second Half,31.0
10479,76618,64,749,40,294,121,160,147,1,3,2,5,1,0,0,0,0,0,0,0,4,5,2,0,2012-07,2012.0 - Second Half,37.0
1715,25851,45,9,4,18,7,5,5,2,2,0,3,7,0,0,0,0,0,0,0,1,3,2,1,2013-11,2013.0 - Second Half,35.0
4990,59111,90,524,0,134,28,28,155,1,11,1,8,7,0,0,0,0,0,0,0,3,3,2,0,2013-02,2013.0 - First Half,59.0
4692,7500,19,7,0,12,13,7,32,5,4,1,2,9,1,0,0,0,0,0,1,1,3,2,1,2012-01,2012.0 - First Half,36.0
7212,44794,99,54,0,7,0,0,4,1,2,0,3,6,0,0,0,0,0,0,0,2,3,2,1,2014-08,2014.0 - Second Half,48.0
11171,56962,60,292,3,77,10,3,26,7,6,3,5,7,0,0,0,0,0,0,0,3,4,2,1,2013-11,2013.0 - Second Half,48.0
610,53593,60,349,4,78,6,0,43,8,7,2,6,8,0,0,0,0,0,0,0,3,5,2,1,2012-07,2012.0 - Second Half,59.0
9384,66373,57,328,9,124,12,24,109,7,4,2,10,3,0,0,0,0,0,0,0,3,3,2,1,2013-12,2013.0 - Second Half,35.0
10430,89694,22,1126,28,211,37,28,42,3,4,3,4,5,0,1,1,1,0,0,0,4,3,1,1,2013-09,2013.0 - Second Half,40.0
6255,70545,29,138,39,63,55,18,21,1,4,1,7,2,0,0,0,0,0,0,0,4,4,2,1,2014-03,2014.0 - First Half,62.0
5564,62882,26,509,133,497,78,24,97,2,7,5,6,4,0,0,0,0,0,0,0,3,3,2,1,2012-09,2012.0 - Second Half,43.0
7458,34941,26,39,2,25,4,3,24,2,3,0,3,8,0,0,0,0,0,0,0,1,4,2,1,2013-06,2013.0 - First Half,57.0
5237,48767,79,28,1,21,3,0,10,3,2,1,3,5,0,0,0,0,0,0,0,2,5,1,1,2014-01,2014.0 - First Half,64.0
7761,38702,71,13,11,24,13,8,40,2,3,0,4,6,0,0,0,0,0,0,0,2,2,2,1,2013-01,2013.0 - First Half,35.0
3560,83844,57,901,31,345,75,31,191,1,4,4,11,1,0,0,1,0,0,0,0,4,3,2,0,2013-12,2013.0 - Second Half,61.0
7235,17003,37,2,5,12,4,8,7,3,2,0,4,5,0,0,0,0,0,0,0,1,2,2,1,2013-09,2013.0 - Second Half,38.0
10548,71163,30,283,17,372,138,106,44,1,3,8,12,1,0,0,0,0,0,0,0,4,3,1,0,2014-09,2014.0 - Second Half,19.0
7938,51518,92,350,8,66,17,4,4,2,3,2,10,3,0,0,0,0,0,0,0,2,5,2,1,2013-03,2013.0 - First Half,55.0
7723,75507,56,709,93,374,104,80,80,1,8,6,6,3,0,0,0,0,0,0,0,4,3,2,0,2014-02,2014.0 - First Half,35.0
3870,63855,28,359,35,314,93,116,89,1,7,3,13,4,0,0,0,0,0,0,0,3,2,2,0,2013-09,2013.0 - Second Half,35.0
4012,62220,55,799,12,375,16,12,12,5,7,6,5,6,0,0,0,0,0,0,1,3,5,2,1,2012-11,2012.0 - Second Half,40.0
6488,38829,86,76,0,7,0,0,16,1,3,2,2,5,0,0,0,0,0,0,0,2,5,2,1,2014-06,2014.0 - First Half,55.0
10270,35523,8,11,5,22,12,5,11,2,3,0,3,7,0,0,0,0,0,0,0,1,2,2,1,2013-03,2013.0 - First Half,32.0
7573,31626,12,39,1,9,2,1,34,1,2,1,2,7,1,0,0,0,0,0,1,1,5,1,1,2013-10,2013.0 - Second Half,35.0
5331,74985,8,587,51,898,247,0,86,1,3,6,7,2,0,0,0,0,0,0,0,4,3,2,0,2012-11,2012.0 - Second Half,35.0
1911,67430,6,595,97,291,127,133,121,1,11,5,12,6,0,0,0,0,0,0,0,3,3,2,0,2012-05,2012.0 - First Half,25.0
20,46891,91,43,12,23,29,15,61,1,2,1,4,4,0,0,0,0,0,0,0,2,2,2,1,2013-01,2013.0 - First Half,48.0
10582,72063,3,180,32,348,76,32,90,2,5,2,12,2,0,0,0,0,0,0,0,4,3,2,1,2013-03,2013.0 - First Half,34.0
1915,78939,57,794,115,243,150,0,205,1,8,5,6,3,0,0,0,0,0,0,0,4,5,2,0,2013-12,2013.0 - Second Half,62.0
4303,6835,76,107,2,12,2,2,12,0,0,0,1,20,0,0,0,0,0,0,0,1,5,2,1,2012-08,2012.0 - Second Half,55.0
6825,41452,86,13,0,3,0,0,0,1,1,0,2,7,0,0,0,0,0,0,0,2,3,2,1,2013-06,2013.0 - First Half,60.0
10736,72258,28,522,0,522,227,120,134,2,6,9,5,2,0,0,0,0,0,0,0,4,3,1,1,2013-12,2013.0 - Second Half,42.0
3194,71466,86,412,12,546,78,182,0,1,4,4,10,1,0,0,0,0,0,0,0,4,5,1,0,2014-05,2014.0 - First Half,40.0
49,20587,39,2,3,6,4,1,9,1,1,1,2,7,0,0,0,0,0,0,0,1,3,1,1,2014-11,2014.0 - Second Half,44.0
6299,42564,28,324,48,186,39,18,198,6,6,8,4,7,1,0,0,0,0,0,1,2,5,1,1,2013-02,2013.0 - First Half,45.0
347,40780,30,229,27,71,13,3,34,4,7,1,5,9,0,0,0,0,0,0,0,2,3,1,1,2012-08,2012.0 - Second Half,36.0
10446,82017,58,184,23,446,30,23,23,1,5,4,7,2,0,1,1,1,0,0,1,4,5,2,0,2012-07,2012.0 - Second Half,55.0
4442,46524,70,31,19,35,26,14,52,2,1,1,5,3,0,0,0,0,0,0,0,2,3,1,1,2013-05,2013.0 - First Half,52.0
3749,73926,54,627,91,597,159,91,15,1,6,5,12,3,0,0,0,0,0,0,0,4,3,2,0,2013-02,2013.0 - First Half,40.0
9930,82716,8,606,148,228,15,148,22,1,6,8,13,2,0,0,0,0,0,0,0,4,5,1,0,2013-05,2013.0 - First Half,69.0
3483,48192,76,1039,43,204,153,58,29,3,2,8,12,8,0,1,0,1,1,0,1,2,3,2,0,2013-06,2013.0 - First Half,55.0
4599,49681,66,411,0,26,0,0,21,6,7,1,7,7,0,0,0,0,0,0,0,2,4,2,1,2013-04,2013.0 - First Half,37.0
9145,72504,43,604,26,470,123,161,94,2,5,9,6,2,0,0,0,0,0,0,0,4,3,1,1,2013-06,2013.0 - First Half,41.0
3732,52750,72,393,0,239,90,69,69,6,5,7,9,4,0,0,0,0,0,0,0,3,4,2,1,2013-04,2013.0 - First Half,58.0
11176,65968,12,376,9,83,19,4,4,2,5,4,7,3,0,0,0,0,0,0,0,3,5,2,1,2014-12,2014.0 - Second Half,44.0
2986,30772,89,7,2,4,2,1,4,1,1,0,2,6,0,0,0,0,0,0,0,1,3,2,1,2014-12,2014.0 - Second Half,38.0
7034,25804,34,8,7,9,13,6,12,2,2,0,3,8,0,0,0,0,0,0,0,1,2,2,1,2013-01,2013.0 - First Half,35.0
9493,76412,15,840,53,804,23,71,17,1,5,4,8,3,0,0,1,1,0,0,1,4,5,1,0,2013-05,2013.0 - First Half,33.0
1143,22063,43,7,10,13,3,11,11,2,2,0,3,7,0,0,0,0,0,0,0,1,3,2,1,2013-08,2013.0 - Second Half,41.0
9499,93404,97,1279,15,287,20,0,15,3,3,4,7,5,0,1,1,0,0,0,0,4,3,2,1,2013-07,2013.0 - Second Half,59.0
6768,37859,75,22,1,8,2,1,2,2,1,0,3,8,0,0,0,0,0,0,0,2,3,1,1,2013-12,2013.0 - Second Half,51.0
2150,80995,83,860,28,409,73,56,56,1,8,9,4,4,0,0,0,0,0,0,0,4,5,1,1,2013-11,2013.0 - Second Half,55.0
6646,16529,23,3,0,5,13,0,1,1,1,0,3,6,0,0,0,0,0,0,0,1,3,2,1,2014-01,2014.0 - First Half,30.0
8560,48789,94,351,16,156,7,5,145,1,6,4,7,6,0,0,0,0,0,0,0,2,3,1,0,2012-10,2012.0 - Second Half,20.0
3321,56575,42,421,5,90,0,16,10,3,7,3,7,5,0,0,0,0,0,0,0,3,5,2,1,2013-05,2013.0 - First Half,46.0
11003,25130,10,2,5,7,0,18,18,2,2,0,3,7,0,0,0,0,0,0,0,1,2,2,1,2013-02,2013.0 - First Half,33.0
10856,45889,42,31,0,6,0,1,8,1,1,0,3,6,0,0,0,0,0,0,0,2,2,1,1,2013-02,2013.0 - First Half,33.0
4186,34026,11,18,6,15,12,8,17,3,2,1,3,5,0,0,0,0,0,0,0,1,3,2,1,2013-05,2013.0 - First Half,63.0
3312,34176,12,5,7,24,19,14,20,4,3,0,4,6,0,0,0,0,0,0,0,1,3,1,1,2014-12,2014.0 - Second Half,26.0
11121,19419,76,2,14,28,16,3,7,4,4,0,3,9,0,0,0,0,0,0,0,1,3,2,1,2012-10,2012.0 - Second Half,31.0
10262,15072,96,8,2,15,0,10,18,4,3,1,3,5,0,0,0,0,0,0,0,1,3,2,1,2013-10,2013.0 - Second Half,33.0
9477,65324,0,384,0,102,21,32,5,3,6,2,9,4,0,0,0,0,0,0,0,3,5,2,1,2014-11,2014.0 - Second Half,60.0
4856,82347,38,556,54,845,202,133,63,1,7,7,10,3,1,0,0,1,0,0,0,4,2,2,0,2012-06,2012.0 - First Half,55.0
1456,60474,25,265,199,303,234,9,170,7,10,2,12,7,0,0,0,0,0,0,0,3,3,1,1,2013-01,2013.0 - First Half,34.0
4877,38576,2,34,0,7,0,0,0,1,1,0,3,7,0,0,0,0,0,0,0,2,4,2,1,2014-04,2014.0 - First Half,41.0
3007,37758,49,27,2,10,0,0,1,2,1,0,3,8,0,0,0,0,0,0,0,2,3,2,1,2012-04,2012.0 - First Half,46.0
1031,85710,5,600,20,350,29,30,33,1,6,9,10,2,0,0,1,0,0,0,0,4,2,2,0,2013-05,2013.0 - First Half,24.0
9553,7500,94,0,2,3,4,1,5,1,0,0,3,6,0,0,0,0,0,0,0,1,3,2,0,2013-09,2013.0 - Second Half,26.0
4271,38683,80,46,35,69,84,41,66,6,4,1,6,7,0,0,0,0,0,0,0,2,2,2,1,2012-04,2012.0 - First Half,23.0
2036,57906,29,243,11,119,10,3,15,3,4,2,8,4,0,0,0,0,0,0,0,3,5,2,1,2013-11,2013.0 - Second Half,40.0
8687,53172,54,121,62,90,68,20,125,3,2,3,8,3,0,0,0,0,0,0,0,3,3,2,1,2013-06,2013.0 - First Half,35.0
9353,62450,61,515,47,267,62,66,38,2,5,5,4,3,0,1,0,0,0,0,0,3,3,1,1,2014-06,2014.0 - First Half,55.0
3623,21675,55,4,0,16,17,4,4,3,4,0,3,7,0,0,0,0,0,0,0,1,3,2,1,2014-11,2014.0 - Second Half,38.0
738,42395,35,48,13,57,24,15,25,4,3,1,4,7,0,0,0,0,0,0,0,2,2,1,1,2014-04,2014.0 - First Half,33.0
7631,61346,34,562,58,168,43,16,142,1,5,7,10,3,0,0,0,0,0,0,0,3,4,2,1,2013-06,2013.0 - First Half,35.0
1446,86424,12,387,68,569,89,45,68,1,6,9,12,1,0,0,0,0,0,0,0,4,4,1,0,2014-05,2014.0 - First Half,58.0
8443,24762,16,6,10,12,3,15,40,3,3,1,2,8,1,0,0,0,0,0,1,1,3,1,1,2014-10,2014.0 - Second Half,42.0
5830,86857,96,899,102,838,133,102,40,1,5,6,10,2,0,0,0,0,0,0,1,4,5,1,0,2012-12,2012.0 - Second Half,40.0
4597,82072,67,889,55,685,168,92,129,1,3,2,13,1,0,0,0,0,0,0,0,4,5,2,0,2013-02,2013.0 - First Half,43.0
8086,42243,34,48,0,2,0,0,5,2,2,0,3,7,0,0,0,0,0,0,0,2,3,2,1,2013-11,2013.0 - Second Half,54.0
8825,51195,46,230,14,156,82,24,58,8,9,2,5,8,0,0,0,0,0,0,0,2,3,2,1,2013-01,2013.0 - First Half,51.0
1928,31814,73,35,3,20,4,1,20,2,2,0,3,9,1,0,0,0,0,0,0,1,3,2,1,2013-09,2013.0 - Second Half,40.0
7108,51390,54,205,20,47,23,2,56,6,5,2,5,5,0,0,0,0,0,0,0,2,4,1,1,2012-08,2012.0 - Second Half,47.0
8800,48948,53,437,8,206,160,49,42,2,7,10,5,6,1,0,0,0,0,0,1,2,5,1,0,2013-01,2013.0 - First Half,70.0
9224,55260,81,825,8,53,11,0,242,2,8,10,5,6,0,0,0,0,0,0,0,3,5,1,1,2012-12,2012.0 - Second Half,40.0
5519,64090,8,316,58,161,76,51,135,1,6,9,4,5,0,0,0,0,0,0,1,3,3,2,1,2013-07,2013.0 - Second Half,57.0
7037,37087,50,194,55,134,15,0,3,3,4,2,8,6,0,0,0,0,0,0,0,2,5,2,1,2013-11,2013.0 - Second Half,39.0
8624,81320,61,183,33,493,59,103,57,1,4,3,10,2,0,0,0,0,0,0,0,4,3,2,0,2013-06,2013.0 - First Half,55.0
2727,57100,19,181,21,69,39,3,96,1,3,3,6,3,0,0,0,0,0,0,0,3,3,2,0,2013-04,2013.0 - First Half,40.0
11074,85072,94,494,92,391,194,11,241,1,3,4,10,0,0,0,0,0,0,0,0,4,3,1,0,2014-09,2014.0 - Second Half,37.0
1968,45684,37,5,1,5,10,0,7,1,1,0,2,7,0,0,0,0,0,0,0,2,3,1,1,2013-02,2013.0 - First Half,42.0
6534,47889,94,29,0,29,0,5,4,1,2,0,3,5,0,0,0,0,0,0,0,2,3,2,1,2014-04,2014.0 - First Half,40.0
9485,45921,23,102,9,49,24,3,12,1,2,1,6,4,0,0,0,0,0,0,0,2,5,2,0,2014-10,2014.0 - Second Half,28.0
4654,75114,40,571,12,523,63,60,24,1,3,10,5,2,0,0,0,0,0,0,0,4,3,2,0,2013-07,2013.0 - Second Half,21.0
10619,95529,29,770,29,890,250,27,24,1,7,3,7,3,0,0,1,0,0,0,1,4,3,1,0,2012-03,2012.0 - First Half,18.0
9308,62820,51,398,61,265,138,61,53,1,3,4,6,1,0,0,0,0,0,0,0,3,3,2,0,2013-11,2013.0 - Second Half,59.0
8362,84169,9,1478,19,403,0,19,0,1,7,6,6,3,0,1,1,0,0,0,1,4,5,2,0,2013-07,2013.0 - Second Half,31.0
4988,34469,58,19,6,20,0,5,12,3,1,1,4,4,0,0,0,0,0,0,0,1,5,2,1,2014-04,2014.0 - First Half,66.0
2008,77583,93,372,23,384,250,12,108,1,4,5,9,2,0,0,0,1,0,0,0,4,3,2,0,2014-10,2014.0 - Second Half,36.0
10037,74293,66,375,152,335,93,91,81,1,5,4,6,2,0,0,0,0,0,0,0,4,3,1,0,2014-04,2014.0 - First Half,21.0
5303,79632,42,471,0,510,99,21,12,1,6,4,9,2,0,0,0,0,0,0,0,4,5,2,0,2014-08,2014.0 - Second Half,40.0
538,46107,78,31,9,27,16,9,33,1,1,1,4,3,0,0,0,0,0,0,0,2,3,1,1,2014-10,2014.0 - Second Half,25.0
7922,64950,29,819,0,72,12,0,63,2,11,2,10,7,0,1,0,0,0,0,0,3,5,1,1,2012-12,2012.0 - Second Half,61.0
760,60554,8,588,7,76,110,15,15,2,8,4,9,6,0,0,0,0,0,0,0,3,5,1,1,2013-09,2013.0 - Second Half,38.0
8957,64831,51,480,86,249,75,86,144,8,6,3,5,6,0,0,0,0,0,0,0,3,2,1,1,2013-10,2013.0 - Second Half,61.0
5386,94384,62,1111,24,790,160,45,172,0,5,8,5,2,0,1,1,1,0,0,1,4,3,2,0,2013-04,2013.0 - First Half,60.0
3202,51563,60,1166,0,48,0,0,36,1,4,4,10,8,0,1,1,0,0,0,0,2,5,2,0,2012-01,2012.0 - First Half,25.0
6515,39771,92,6,2,18,2,8,14,1,2,0,3,4,0,0,0,0,0,0,0,2,3,2,1,2013-06,2013.0 - First Half,36.0
2882,67893,31,711,28,142,49,18,47,2,3,2,9,8,0,0,0,0,0,0,0,3,2,1,1,2012-01,2012.0 - First Half,37.0
7574,27922,80,11,0,13,2,4,11,1,2,0,3,4,0,0,0,0,0,0,0,1,5,2,1,2014-10,2014.0 - Second Half,35.0
6387,52190,39,42,0,17,0,0,18,3,2,1,3,5,1,0,0,0,0,0,0,3,5,2,1,2014-08,2014.0 - Second Half,38.0
5048,42767,53,20,6,43,19,5,38,1,3,1,2,8,0,0,0,0,0,0,0,2,5,1,1,2013-11,2013.0 - Second Half,42.0
8146,46106,84,30,0,8,2,0,14,1,1,1,2,6,0,0,0,0,0,0,0,2,4,2,1,2014-11,2014.0 - Second Half,38.0
10031,16927,50,20,2,23,3,1,4,5,3,0,4,8,0,0,0,0,0,0,0,1,5,2,1,2013-10,2013.0 - Second Half,37.0
5748,59754,96,115,27,44,4,146,139,3,5,2,6,5,0,0,0,0,0,0,1,3,3,2,1,2012-01,2012.0 - First Half,47.0
1523,59041,25,69,2,15,2,2,6,2,2,0,4,5,0,0,0,0,0,0,0,3,3,2,1,2014-07,2014.0 - Second Half,41.0
3635,52597,69,492,0,37,7,0,42,3,6,3,8,5,0,0,0,0,0,0,0,3,5,1,1,2014-07,2014.0 - Second Half,52.0
7801,54753,87,197,107,227,7,59,131,3,5,2,11,4,0,0,0,0,0,0,0,3,3,2,1,2013-12,2013.0 - Second Half,54.0
7011,33471,47,43,2,27,0,9,12,3,3,0,4,7,0,0,0,0,0,0,0,1,3,2,1,2012-12,2012.0 - Second Half,39.0
10981,84219,27,434,137,400,45,137,45,1,3,4,10,1,0,0,0,0,0,0,0,4,3,2,0,2014-02,2014.0 - First Half,26.0
10995,15716,8,16,5,30,8,7,26,3,3,0,4,8,0,0,0,0,0,1,0,1,2,2,1,2012-12,2012.0 - Second Half,24.0
10286,83715,2,318,8,407,150,35,8,1,2,8,13,0,0,0,0,0,0,0,0,4,3,2,0,2014-03,2014.0 - First Half,52.0
2611,82576,66,1206,55,445,168,18,18,1,2,4,12,1,0,0,1,0,0,0,0,4,4,2,0,2012-01,2012.0 - First Half,53.0
1600,56962,60,292,3,77,10,3,26,7,6,3,5,7,0,0,0,0,0,0,0,3,4,2,1,2013-11,2013.0 - Second Half,48.0
3308,35704,54,30,9,12,2,11,30,3,2,0,4,4,0,0,0,0,0,0,0,2,3,2,1,2014-03,2014.0 - First Half,62.0
5407,53103,70,729,17,133,11,0,195,5,10,6,7,7,1,0,0,0,0,0,0,3,3,2,1,2013-12,2013.0 - Second Half,59.0
2166,46779,55,12,1,3,0,0,7,1,0,1,2,4,0,0,0,0,0,0,0,2,2,1,1,2013-12,2013.0 - Second Half,53.0
6634,33462,78,22,3,18,0,0,11,1,2,0,3,7,0,0,0,0,0,0,0,1,4,1,1,2013-07,2013.0 - Second Half,34.0
9305,79689,65,311,26,640,180,37,121,1,4,9,13,2,0,0,0,0,0,0,0,4,2,1,0,2013-12,2013.0 - Second Half,37.0
8492,75437,25,795,0,545,95,58,0,1,8,4,10,6,0,0,0,1,0,0,0,4,3,2,0,2013-09,2013.0 - Second Half,35.0
9097,46086,34,244,8,32,7,2,50,4,3,1,8,4,0,0,0,0,0,0,0,2,3,1,1,2013-03,2013.0 - First Half,57.0
10473,78028,38,158,19,288,25,0,38,1,6,4,9,7,0,1,1,0,0,0,1,4,5,1,1,2012-10,2012.0 - Second Half,56.0
7962,95169,1,1285,21,449,106,20,20,1,4,3,4,1,0,0,1,1,0,0,1,4,5,1,0,2013-09,2013.0 - Second Half,26.0
7453,36130,46,157,43,127,68,56,37,6,3,8,4,4,1,0,0,0,0,0,1,2,3,1,1,2013-02,2013.0 - First Half,59.0
8952,65569,96,397,46,288,20,38,70,2,6,5,10,3,0,0,0,0,0,0,0,3,4,2,1,2012-05,2012.0 - First Half,59.0
241,83844,57,901,31,345,75,31,191,1,4,4,11,1,0,0,1,0,0,0,0,4,3,2,0,2013-12,2013.0 - Second Half,61.0
6119,36736,52,10,0,3,0,0,4,1,1,0,2,6,0,0,0,0,0,0,0,2,5,1,1,2013-10,2013.0 - Second Half,50.0
5723,49187,63,81,1,31,2,1,0,1,1,1,5,2,0,0,0,0,0,0,0,2,5,2,1,2014-11,2014.0 - Second Half,38.0
1710,30168,51,154,20,66,0,12,27,7,6,1,4,9,0,0,0,0,0,0,0,1,3,1,1,2013-07,2013.0 - Second Half,35.0
1970,34053,14,63,0,21,7,0,12,1,3,0,3,8,0,0,0,0,0,0,0,1,4,2,1,2012-10,2012.0 - Second Half,44.0
7010,70924,41,635,114,254,132,152,76,1,6,6,7,3,0,0,1,0,0,0,0,4,2,2,0,2014-07,2014.0 - Second Half,49.0
3158,32300,1,13,3,6,6,5,6,1,1,0,3,8,0,0,0,0,0,0,0,1,3,2,1,2013-03,2013.0 - First Half,40.0
2445,28440,87,38,1,24,0,0,0,1,2,0,3,8,0,0,0,0,0,0,0,1,5,2,1,2013-07,2013.0 - Second Half,39.0
6059,64504,81,986,36,168,16,0,108,7,11,3,4,7,0,0,0,0,0,0,1,3,5,2,1,2013-04,2013.0 - First Half,60.0
4240,17345,79,4,9,16,17,0,12,2,2,1,2,8,0,0,0,0,0,0,0,1,3,2,1,2012-03,2012.0 - First Half,34.0
8911,56320,11,201,53,172,116,77,83,3,5,4,9,4,0,0,0,0,0,0,0,3,5,2,1,2013-08,2013.0 - Second Half,46.0
10175,32173,0,18,0,2,0,0,2,1,1,0,3,4,0,0,0,0,0,0,0,1,5,1,1,2013-01,2013.0 - First Half,55.0
8985,68316,54,806,80,161,120,11,33,5,10,7,10,6,0,0,0,0,0,0,0,4,2,2,1,2012-04,2012.0 - First Half,48.0
1020,79593,70,350,60,568,110,133,145,1,5,6,7,2,0,0,1,0,0,0,0,4,3,2,0,2014-12,2014.0 - Second Half,41.0
6730,38998,92,34,1,14,0,0,5,3,2,0,3,8,0,0,0,0,0,1,0,2,3,2,1,2012-03,2012.0 - First Half,58.0
966,44529,98,538,13,91,17,6,26,6,6,2,11,5,0,1,0,0,0,0,0,2,3,2,1,2013-05,2013.0 - First Half,47.0
4767,70924,41,635,114,254,132,152,76,1,6,6,7,3,0,0,1,0,0,0,0,4,2,2,0,2014-07,2014.0 - Second Half,49.0
9725,28764,16,8,0,3,0,0,1,1,1,0,2,8,1,0,0,0,0,0,0,1,5,2,1,2014-05,2014.0 - First Half,48.0
5731,27100,64,12,0,13,2,0,10,1,1,0,3,7,0,0,0,0,0,0,0,1,4,2,1,2013-05,2013.0 - First Half,30.0
7290,70596,68,347,44,534,17,0,26,1,3,5,12,2,0,0,0,0,0,0,0,4,3,1,0,2012-05,2012.0 - First Half,27.0
8104,53312,32,241,0,12,0,0,25,1,5,1,5,7,0,0,0,0,0,0,0,3,5,2,0,2013-09,2013.0 - Second Half,62.0
4491,62845,3,1099,0,45,0,0,34,11,3,4,10,8,0,1,0,0,0,0,0,3,4,2,1,2012-01,2012.0 - First Half,63.0
1162,42000,23,124,83,267,85,59,35,2,5,2,11,5,0,0,0,0,0,0,1,2,5,1,0,2013-10,2013.0 - Second Half,26.0
10766,65526,22,397,19,69,12,0,9,1,4,4,8,2,0,0,0,0,0,0,0,3,5,2,1,2014-11,2014.0 - Second Half,50.0
4415,16860,19,10,4,4,3,3,14,3,1,1,3,7,0,0,0,0,0,0,0,1,3,2,1,2012-12,2012.0 - Second Half,51.0
3005,83528,7,530,117,678,134,44,147,1,4,10,8,1,1,0,0,1,0,0,1,4,3,1,0,2014-01,2014.0 - First Half,22.0
2223,64176,52,1215,33,249,64,116,149,8,8,9,8,6,0,0,0,0,0,0,0,3,2,1,1,2012-03,2012.0 - First Half,47.0
4817,22304,91,3,2,7,0,4,2,1,1,0,2,8,0,0,0,0,0,0,0,1,3,1,0,2012-04,2012.0 - First Half,56.0
2875,67023,93,444,44,382,11,8,17,1,3,7,13,2,0,0,0,0,0,1,0,3,3,2,0,2014-04,2014.0 - First Half,36.0
11112,70713,23,736,114,279,82,76,190,6,5,6,8,3,0,0,0,0,0,0,0,4,3,2,1,2012-03,2012.0 - First Half,46.0
6421,88347,32,1050,178,555,77,138,118,1,4,7,9,1,0,0,0,1,0,0,0,4,3,2,0,2013-03,2013.0 - First Half,52.0
4207,87171,27,1001,44,107,58,44,44,1,6,7,11,2,1,0,1,0,0,0,0,4,5,2,0,2013-01,2013.0 - First Half,32.0
6072,75345,16,918,57,842,99,38,133,1,5,8,6,3,0,0,0,1,0,0,1,4,4,1,0,2013-02,2013.0 - First Half,43.0
6295,54233,46,652,8,158,21,0,142,4,11,6,5,8,0,0,0,0,0,0,0,3,3,2,1,2013-04,2013.0 - First Half,36.0
10914,24163,3,4,1,7,2,1,2,2,1,0,3,4,0,0,0,0,0,0,0,1,3,1,1,2013-12,2013.0 - Second Half,43.0
1509,84460,80,152,27,103,106,54,81,0,9,9,4,5,0,1,1,1,1,0,1,4,5,2,0,2013-04,2013.0 - First Half,55.0
5577,43776,77,8,0,9,2,1,3,1,1,0,2,6,0,0,0,0,0,0,0,2,3,2,1,2014-03,2014.0 - First Half,31.0
6466,57236,22,105,0,9,2,1,4,3,2,1,4,3,0,0,0,0,0,0,0,3,5,2,1,2014-12,2014.0 - Second Half,49.0
9964,61825,56,162,50,100,55,30,27,1,4,2,8,4,0,0,0,0,0,0,0,3,3,1,1,2013-07,2013.0 - Second Half,34.0
4790,79803,54,574,8,216,21,16,33,1,4,3,5,1,0,0,0,0,0,0,0,4,3,1,1,2014-02,2014.0 - First Half,56.0
6001,56775,62,614,35,160,58,35,35,2,5,8,10,5,0,0,0,0,0,0,0,3,3,2,1,2013-02,2013.0 - First Half,34.0
5538,83829,78,897,161,430,186,161,27,0,4,7,6,1,1,0,1,1,0,0,1,4,3,1,0,2013-08,2013.0 - Second Half,38.0
1545,38508,95,120,19,206,25,19,54,6,7,2,5,8,0,0,0,0,0,0,0,2,3,2,1,2013-02,2013.0 - First Half,27.0
10065,15315,27,7,4,13,15,8,17,2,2,0,4,5,0,0,0,0,0,0,0,1,2,2,0,2013-03,2013.0 - First Half,43.0
1524,81698,1,709,45,115,30,160,45,1,8,2,5,5,0,0,0,1,0,0,1,4,2,1,0,2013-01,2013.0 - First Half,30.0
10022,54466,78,12,0,4,0,0,0,1,1,0,2,5,0,0,0,0,0,0,0,3,5,1,1,2014-09,2014.0 - Second Half,41.0
2320,47025,98,508,11,59,23,5,29,5,11,1,6,9,0,0,0,0,0,0,0,2,2,2,1,2013-12,2013.0 - Second Half,35.0
850,70566,4,381,28,215,84,28,21,2,6,5,9,3,0,0,0,0,0,0,0,4,3,1,1,2013-06,2013.0 - First Half,45.0
6749,86358,78,957,47,494,82,47,95,4,5,3,6,8,0,0,0,0,0,0,0,4,3,1,1,2012-08,2012.0 - Second Half,46.0
8977,16581,51,1,3,4,2,3,11,1,0,0,3,4,0,0,0,0,0,0,0,1,1,1,0,2013-12,2013.0 - Second Half,28.0
606,25930,87,6,1,2,2,0,4,1,1,0,2,7,0,0,0,0,0,0,0,1,3,1,1,2013-10,2013.0 - Second Half,46.0
5961,42693,29,8,4,20,6,3,16,1,1,0,3,5,0,0,0,0,0,0,0,2,3,2,1,2014-07,2014.0 - Second Half,36.0
2975,85606,89,717,42,864,219,30,84,2,6,7,9,3,0,0,0,1,0,0,0,4,3,2,1,2012-12,2012.0 - Second Half,36.0
10542,36778,63,29,4,34,2,4,4,3,3,0,3,9,0,0,0,0,0,0,0,2,5,2,1,2012-05,2012.0 - First Half,44.0
8015,85696,88,714,76,395,116,0,12,1,4,6,9,1,0,0,0,0,0,0,1,4,5,1,0,2013-03,2013.0 - First Half,51.0
11166,49678,81,229,5,56,3,2,20,2,6,2,4,7,0,0,0,0,0,0,0,2,3,2,1,2013-02,2013.0 - First Half,52.0
4066,21282,76,1,5,8,4,8,20,2,2,1,2,6,0,0,0,0,0,0,0,1,2,1,1,2014-11,2014.0 - Second Half,36.0
819,63285,84,508,124,249,50,38,134,1,6,5,13,3,0,0,0,0,0,0,0,3,3,1,0,2013-05,2013.0 - First Half,68.0
7755,57744,91,350,3,39,0,0,19,2,9,1,4,8,0,0,0,0,0,0,0,3,5,2,1,2013-12,2013.0 - Second Half,59.0
1453,57513,59,735,40,183,52,20,30,2,9,3,13,6,0,0,0,0,0,0,0,3,5,1,0,2013-06,2013.0 - First Half,70.0
2613,54197,16,162,6,37,6,13,13,2,1,3,6,1,0,0,0,0,0,0,0,3,4,2,1,2014-03,2014.0 - First Half,54.0
1077,56715,52,258,105,239,237,172,9,1,7,3,4,4,0,0,0,0,0,0,0,3,3,2,0,2012-05,2012.0 - First Half,38.0
640,57304,61,356,80,329,138,17,106,2,7,6,10,5,0,0,0,0,0,0,0,3,3,2,1,2013-11,2013.0 - Second Half,62.0
6116,48985,13,19,13,18,10,7,8,1,1,1,3,3,0,0,0,0,0,0,0,2,2,2,1,2013-05,2013.0 - First Half,45.0
10660,66726,61,349,7,35,0,0,47,3,8,2,4,7,0,1,0,0,0,0,0,3,4,2,1,2014-12,2014.0 - Second Half,57.0
8686,23724,65,5,23,15,0,18,14,2,2,0,3,8,0,0,0,0,0,0,0,1,1,2,1,2013-08,2013.0 - Second Half,34.0
5907,33444,24,8,0,8,0,0,2,1,1,0,2,8,0,0,0,0,0,0,0,1,4,2,1,2012-03,2012.0 - First Half,60.0
8387,43140,68,134,8,76,6,0,11,1,4,1,5,6,0,0,0,0,0,0,0,2,3,2,1,2013-05,2013.0 - First Half,56.0
3839,15056,76,6,12,3,21,6,40,5,2,2,3,5,0,0,0,0,0,0,0,1,1,1,1,2013-03,2013.0 - First Half,55.0
9392,26954,17,4,1,11,0,0,1,1,1,0,2,7,0,0,0,0,0,0,0,1,3,1,1,2014-08,2014.0 - Second Half,43.0
2292,22327,94,5,4,8,2,0,5,1,1,0,3,5,0,0,0,0,0,0,0,1,3,1,1,2013-02,2013.0 - First Half,28.0
4088,31497,22,108,1,28,13,1,4,2,3,1,4,8,0,0,0,0,0,0,0,1,5,2,1,2012-06,2012.0 - First Half,50.0
2246,46891,91,43,12,23,29,15,61,1,2,1,4,4,0,0,0,0,0,0,0,2,2,2,1,2013-01,2013.0 - First Half,48.0
5545,78075,72,572,8,259,34,35,80,1,3,5,5,1,0,0,0,0,0,0,0,4,5,2,0,2014-05,2014.0 - First Half,42.0
7342,59184,6,341,142,113,259,151,66,3,6,6,12,5,0,0,0,0,0,0,0,3,2,1,1,2012-09,2012.0 - Second Half,51.0
837,54809,0,63,6,57,13,13,22,4,2,1,5,4,0,0,0,0,0,0,0,3,3,2,1,2013-11,2013.0 - Second Half,36.0
234,15287,60,1,2,8,4,3,13,2,1,1,2,7,1,0,0,0,0,0,1,1,3,1,1,2012-10,2012.0 - Second Half,33.0
5644,42213,96,309,3,24,4,3,20,2,5,1,7,7,0,1,0,0,0,0,0,2,3,2,1,2013-12,2013.0 - Second Half,56.0
697,74918,78,972,59,913,25,19,59,1,5,9,6,3,0,0,1,0,0,0,0,4,3,2,0,2013-12,2013.0 - Second Half,44.0
8876,33629,49,132,0,16,0,0,4,5,3,1,4,9,0,0,0,0,0,0,0,1,5,2,1,2012-08,2012.0 - Second Half,49.0
4500,68682,56,919,0,505,99,30,45,1,4,9,10,2,0,0,0,0,0,0,0,4,5,2,0,2013-06,2013.0 - First Half,22.0
4058,61284,76,618,15,106,20,7,45,1,11,2,8,6,0,1,0,0,0,0,0,3,5,1,0,2013-12,2013.0 - Second Half,58.0
1307,41986,15,27,5,8,8,3,12,3,3,0,4,4,0,0,0,0,0,0,0,2,3,1,1,2014-09,2014.0 - Second Half,36.0
6211,37395,47,18,0,9,0,1,11,1,1,0,3,6,0,0,0,0,0,0,0,2,5,2,1,2014-02,2014.0 - First Half,38.0
9757,84906,98,997,15,414,99,30,76,1,5,6,12,2,0,1,1,0,1,0,0,4,3,2,0,2013-04,2013.0 - First Half,41.0
6918,28691,56,5,4,13,8,0,4,1,1,0,3,8,0,0,0,0,0,0,0,1,3,2,1,2013-04,2013.0 - First Half,24.0
1921,59062,74,46,1,12,3,0,9,2,2,0,3,4,0,0,0,0,0,0,0,3,5,2,1,2013-03,2013.0 - First Half,46.0
1291,27683,90,152,9,121,12,12,45,4,6,2,4,8,0,0,0,0,0,0,0,1,5,2,1,2012-04,2012.0 - First Half,34.0
4136,7500,63,10,17,18,8,26,40,4,3,2,2,9,0,0,0,0,0,0,0,1,1,1,1,2012-03,2012.0 - First Half,20.0
803,40521,82,12,0,5,0,0,4,1,0,1,2,5,0,0,0,0,0,0,0,2,3,2,1,2013-05,2013.0 - First Half,45.0
961,74716,92,133,27,421,13,195,71,2,7,3,5,4,0,0,0,0,0,0,0,4,3,2,1,2013-12,2013.0 - Second Half,41.0
9094,62972,39,313,15,47,20,0,192,2,7,4,3,6,0,0,0,0,0,0,1,3,2,2,1,2012-03,2012.0 - First Half,57.0
810,74190,49,151,81,86,168,91,64,2,4,2,11,2,0,0,0,0,0,0,0,4,3,2,1,2014-12,2014.0 - Second Half,39.0
6049,73450,85,1142,51,415,90,69,37,1,7,8,11,3,1,0,0,1,0,0,0,4,4,2,0,2013-05,2013.0 - First Half,31.0
8147,31454,40,28,0,11,0,0,9,3,2,0,3,8,0,0,0,0,0,0,0,1,3,2,1,2013-06,2013.0 - First Half,53.0
1857,47139,2,46,0,12,0,2,23,2,2,1,2,7,0,0,0,0,0,0,1,2,3,1,1,2014-06,2014.0 - First Half,62.0
3910,83829,78,897,161,430,186,161,27,0,4,7,6,1,1,0,1,1,0,0,1,4,3,1,0,2013-08,2013.0 - Second Half,38.0
11114,19656,94,25,4,9,6,8,32,3,2,1,3,7,0,0,0,0,0,0,0,1,3,2,1,2013-08,2013.0 - Second Half,43.0
1740,55956,22,760,38,104,50,9,38,2,7,3,4,4,0,1,0,0,0,0,0,3,3,2,0,2014-07,2014.0 - Second Half,70.0
10637,40800,77,24,0,27,8,30,10,2,3,0,3,7,0,0,0,0,0,1,0,2,3,2,1,2013-01,2013.0 - First Half,49.0
3698,78687,13,817,185,687,145,55,241,1,4,6,8,2,0,0,1,0,0,0,1,4,3,2,0,2012-09,2012.0 - Second Half,29.0
5043,26997,89,7,23,78,133,49,144,2,4,2,5,7,0,0,0,0,0,0,0,1,1,2,0,2012-05,2012.0 - First Half,61.0
2516,46831,84,22,2,10,6,4,34,2,1,2,2,4,0,0,0,0,0,0,0,2,2,2,1,2013-08,2013.0 - Second Half,44.0
9010,83151,80,968,147,842,137,42,210,1,5,7,10,2,1,0,1,1,0,0,1,4,4,2,0,2013-10,2013.0 - Second Half,41.0
4808,15759,12,1,2,5,6,0,3,1,1,0,2,7,0,0,0,0,0,0,0,1,3,2,0,2013-05,2013.0 - First Half,57.0
7128,42997,91,4,0,5,0,1,5,1,1,0,2,7,0,0,0,0,0,0,0,2,5,1,1,2013-07,2013.0 - Second Half,36.0
2811,48918,21,52,0,9,0,0,1,2,1,0,4,4,0,0,0,0,0,0,0,2,5,1,1,2014-12,2014.0 - Second Half,51.0
5336,157733,37,39,1,9,2,0,8,0,1,0,1,1,0,0,0,0,0,0,0,4,4,2,1,2013-04,2013.0 - First Half,42.0
6024,94384,62,1111,24,790,160,45,172,0,5,8,5,2,0,1,1,1,0,0,1,4,3,2,0,2013-04,2013.0 - First Half,60.0
6055,71626,94,546,72,376,94,145,72,1,5,5,8,3,0,1,0,0,0,0,0,4,3,2,0,2012-01,2012.0 - First Half,33.0
3972,50200,70,266,6,51,8,6,64,6,7,1,5,8,0,0,0,0,0,0,0,2,3,2,1,2013-03,2013.0 - First Half,37.0
7143,74805,14,209,162,209,41,162,37,5,4,7,10,2,0,0,0,0,0,0,0,4,2,2,1,2013-06,2013.0 - First Half,58.0
8789,59060,77,35,40,111,36,40,12,3,3,1,7,4,0,0,0,0,0,0,0,3,2,2,1,2014-11,2014.0 - Second Half,25.0
4554,47009,89,171,45,73,59,10,90,4,3,2,8,4,0,0,0,0,0,0,0,2,3,2,1,2013-01,2013.0 - First Half,48.0
4937,46094,62,12,2,20,3,2,5,1,1,0,3,7,0,0,0,0,0,0,0,2,2,2,1,2014-10,2014.0 - Second Half,41.0
8749,37235,68,20,2,9,4,6,20,1,1,1,2,4,0,0,0,0,0,0,0,2,3,2,1,2014-01,2014.0 - First Half,30.0
10377,46692,37,170,6,97,24,12,88,3,6,1,5,6,0,0,0,0,0,0,0,2,4,2,1,2013-06,2013.0 - First Half,55.0
9206,77382,36,491,48,231,112,105,134,2,5,7,12,1,0,0,1,0,0,0,0,4,3,2,1,2014-07,2014.0 - Second Half,46.0
10971,37774,28,173,8,107,7,2,176,4,7,2,3,9,1,0,0,0,0,1,1,2,3,1,1,2012-03,2012.0 - First Half,35.0
4246,6560,2,67,11,26,4,3,262,0,1,0,1,17,0,0,0,0,0,0,0,1,4,1,0,2013-12,2013.0 - Second Half,31.0
4832,27244,84,6,5,17,3,24,46,2,2,2,2,7,0,0,0,0,0,0,0,1,3,2,1,2014-07,2014.0 - Second Half,35.0
5621,48752,8,73,57,100,71,15,0,5,6,1,5,9,0,0,0,0,0,0,1,2,3,2,1,2012-12,2012.0 - Second Half,43.0
9495,71853,29,358,108,413,141,97,32,1,2,8,6,1,0,0,0,0,0,0,0,4,3,2,0,2013-08,2013.0 - Second Half,31.0
942,39660,36,139,13,78,20,13,36,3,7,1,3,9,0,0,0,0,0,0,1,2,3,1,1,2012-08,2012.0 - Second Half,30.0
873,62845,3,1099,0,45,0,0,34,11,3,4,10,8,0,1,0,0,0,0,1,3,4,2,1,2012-01,2012.0 - First Half,63.0
10390,26887,27,6,7,4,3,4,6,1,1,0,3,6,0,0,0,0,0,0,0,1,2,2,1,2013-10,2013.0 - Second Half,54.0
1745,85696,88,714,76,395,116,0,12,1,4,6,9,1,0,0,0,0,0,0,1,4,5,1,0,2013-03,2013.0 - First Half,51.0
8369,18227,21,1,2,7,4,3,11,1,0,1,2,8,0,0,0,0,0,0,0,1,3,2,1,2012-08,2012.0 - Second Half,25.0
2407,69109,10,823,25,459,124,29,95,1,6,6,7,4,0,0,1,0,0,0,1,4,3,2,0,2012-09,2012.0 - Second Half,30.0
7275,33316,34,79,1,31,4,4,12,3,2,1,4,6,0,0,0,0,0,0,0,1,4,1,1,2013-04,2013.0 - First Half,42.0
2674,75154,79,543,10,205,160,143,82,1,6,3,6,3,0,0,0,0,0,0,1,4,4,1,1,2012-04,2012.0 - First Half,54.0
2698,47025,52,254,7,108,20,0,26,3,6,3,5,6,0,0,0,0,0,0,0,2,3,1,1,2013-07,2013.0 - Second Half,37.0
10258,35791,94,27,0,5,0,0,3,2,1,0,3,8,0,0,0,0,0,0,0,2,4,1,1,2013-06,2013.0 - First Half,48.0
5675,50611,98,459,0,24,6,0,4,6,4,5,7,6,0,1,0,0,0,0,0,2,5,1,1,2012-04,2012.0 - First Half,52.0
4743,56242,72,689,8,167,11,8,88,5,8,4,11,6,0,0,0,0,0,0,0,3,5,2,1,2013-03,2013.0 - First Half,44.0
8805,48904,1,283,10,38,0,13,27,4,7,2,4,8,0,0,0,0,0,0,0,2,3,1,1,2012-02,2012.0 - First Half,52.0
10475,52247,39,187,5,65,26,20,14,2,4,2,6,5,0,0,0,0,0,0,0,3,4,2,1,2013-01,2013.0 - First Half,43.0
10420,46390,56,95,14,64,2,9,38,1,4,2,3,7,0,0,0,0,0,0,0,2,4,1,1,2014-05,2014.0 - First Half,59.0
7514,54342,74,84,10,34,11,10,28,4,3,1,4,6,0,0,0,0,0,0,0,3,2,2,1,2013-03,2013.0 - First Half,57.0
2902,52247,87,19,4,12,2,2,6,1,1,0,3,5,0,0,0,0,0,0,0,3,3,2,1,2012-03,2012.0 - First Half,54.0
4345,52247,49,5,1,9,2,0,4,1,1,0,2,7,0,0,0,0,0,0,0,3,2,1,1,2014-12,2014.0 - Second Half,50.0
793,20895,24,18,3,17,3,0,4,1,2,0,3,9,0,0,0,0,0,0,0,1,3,2,1,2012-06,2012.0 - First Half,39.0
3769,52247,17,25,1,13,0,0,3,1,1,0,3,7,0,0,0,0,0,0,0,3,5,2,1,2014-02,2014.0 - First Half,42.0
2963,75507,56,709,93,374,104,80,80,1,8,6,6,3,0,0,0,0,0,0,0,4,3,2,0,2014-02,2014.0 - First Half,35.0
8216,53761,7,158,0,76,13,7,71,6,4,4,3,5,0,0,0,0,0,0,0,3,4,2,1,2013-11,2013.0 - Second Half,41.0
8140,22682,51,10,14,29,4,2,36,3,2,1,4,4,0,0,0,0,0,0,0,1,3,2,1,2013-03,2013.0 - First Half,40.0
10146,38887,17,25,1,13,0,0,3,1,1,0,3,7,0,0,0,0,0,0,0,2,5,2,1,2014-02,2014.0 - First Half,42.0
5289,41658,30,8,4,12,15,4,29,2,1,1,2,4,0,0,0,0,0,0,0,2,2,1,1,2012-09,2012.0 - Second Half,37.0
2589,26759,65,25,3,16,8,5,2,2,2,1,3,6,0,0,0,0,0,0,0,1,3,1,1,2014-07,2014.0 - Second Half,42.0
10490,51039,11,100,64,79,65,0,109,2,6,2,4,7,0,0,0,0,0,0,0,2,5,2,1,2012-10,2012.0 - Second Half,43.0
6613,44511,39,513,7,133,46,14,14,6,8,4,8,8,0,0,0,0,0,0,0,2,4,2,1,2012-12,2012.0 - Second Half,42.0
10827,36947,49,88,3,21,4,1,29,4,3,0,4,9,0,0,0,0,0,0,0,2,5,2,1,2012-07,2012.0 - Second Half,45.0
5491,47352,70,172,12,112,8,0,15,4,6,1,5,7,0,0,0,0,0,0,0,2,4,2,1,2013-11,2013.0 - Second Half,62.0
8783,57045,40,296,13,104,11,13,17,3,4,2,9,3,0,0,0,0,0,0,0,3,3,2,1,2012-08,2012.0 - Second Half,62.0
10010,36957,43,100,2,16,2,1,31,4,3,2,2,9,0,0,0,0,0,0,1,2,5,1,1,2012-06,2012.0 - First Half,59.0
6376,57537,83,191,56,139,51,8,100,4,4,3,8,4,0,0,0,0,0,0,0,3,3,1,1,2013-10,2013.0 - Second Half,34.0
5824,34578,1,7,0,1,0,0,0,1,1,0,2,6,0,0,0,0,0,0,0,1,5,2,1,2014-11,2014.0 - Second Half,42.0
2561,63810,45,977,12,253,16,12,101,4,4,3,12,8,0,1,0,0,0,0,0,3,3,1,1,2012-11,2012.0 - Second Half,46.0
2428,28164,23,3,18,26,11,8,12,3,2,0,4,7,0,0,0,0,0,0,0,1,3,2,1,2013-04,2013.0 - First Half,43.0
1362,31907,75,33,87,64,175,16,74,1,6,1,6,7,0,0,0,0,0,0,0,1,3,1,0,2013-04,2013.0 - First Half,41.0
7152,27100,64,12,0,13,2,0,10,1,1,0,3,7,0,0,0,0,0,0,0,1,4,2,1,2013-05,2013.0 - First Half,30.0
922,31086,79,16,2,11,3,0,16,2,1,1,2,8,1,0,0,0,0,0,0,1,2,2,1,2013-04,2013.0 - First Half,34.0
6856,21645,75,14,0,23,4,5,19,3,3,0,3,9,0,0,0,0,0,0,1,1,3,2,1,2012-03,2012.0 - First Half,33.0
5221,52852,93,714,8,99,11,0,47,4,10,7,5,8,1,0,0,0,0,0,0,3,3,2,1,2012-01,2012.0 - First Half,55.0
6652,77343,28,227,151,573,98,54,31,1,3,4,9,1,0,0,0,0,0,0,0,4,3,2,0,2014-09,2014.0 - Second Half,49.0
2157,26290,49,15,8,16,11,5,22,4,2,0,4,6,0,0,0,0,0,0,0,1,3,2,1,2013-12,2013.0 - Second Half,41.0
10133,93790,16,1302,68,731,89,114,45,0,6,7,12,2,0,1,1,1,0,0,1,4,3,1,0,2014-12,2014.0 - Second Half,44.0
5074,28072,10,30,0,10,2,0,5,1,1,0,3,7,0,0,0,0,0,0,0,1,4,2,1,2013-08,2013.0 - Second Half,27.0
7521,83844,57,901,31,345,75,31,191,1,4,4,11,1,0,0,1,0,0,0,0,4,3,2,0,2013-12,2013.0 - Second Half,61.0
7196,41145,20,9,0,3,0,0,1,1,0,0,3,3,0,0,0,0,0,0,0,2,5,2,1,2014-08,2014.0 - Second Half,64.0
4864,34380,68,72,7,58,13,1,24,4,4,1,3,8,0,0,0,0,0,0,0,1,3,2,1,2013-02,2013.0 - First Half,36.0
4070,94871,99,169,24,553,188,0,144,1,8,5,4,7,0,1,1,0,0,0,1,4,5,2,1,2012-01,2012.0 - First Half,43.0
3697,39898,20,69,8,26,12,7,12,2,3,0,4,7,0,0,0,0,0,0,0,2,3,2,1,2013-12,2013.0 - Second Half,59.0
4220,59892,26,73,0,13,0,1,0,1,2,1,3,3,0,0,0,0,0,0,0,3,5,2,1,2013-02,2013.0 - First Half,43.0
2849,60474,25,265,199,303,234,9,170,7,10,2,12,7,0,0,0,0,0,0,0,3,3,1,1,2013-01,2013.0 - First Half,34.0
8370,75484,50,378,97,259,197,194,34,2,7,3,6,4,0,0,0,0,0,0,0,4,2,2,1,2012-02,2012.0 - First Half,36.0
9988,70379,84,553,25,142,65,67,8,3,6,3,13,4,0,0,0,0,0,0,0,4,4,1,1,2013-03,2013.0 - First Half,37.0
5529,64014,56,406,0,30,0,0,8,7,8,2,5,7,0,0,0,1,0,0,0,3,5,2,1,2014-10,2014.0 - Second Half,68.0
9743,76998,85,1449,89,161,69,35,107,2,11,8,8,6,0,0,1,0,0,0,0,4,3,2,1,2013-11,2013.0 - Second Half,58.0
5763,49854,63,123,17,171,39,0,30,5,6,2,5,6,0,0,0,0,0,0,0,2,4,2,1,2013-10,2013.0 - Second Half,41.0
7250,57867,48,344,35,178,15,23,17,7,7,2,9,6,0,0,0,0,0,0,0,3,3,2,1,2013-01,2013.0 - First Half,35.0
2005,35765,86,22,3,30,0,5,15,2,2,0,4,6,0,0,0,0,0,0,0,2,3,2,1,2013-11,2013.0 - Second Half,23.0
6885,32952,36,38,0,12,3,1,1,1,2,0,3,7,0,0,0,0,0,0,0,1,3,1,1,2013-01,2013.0 - First Half,36.0
4093,53253,61,216,9,57,20,9,125,7,4,3,5,5,0,0,0,0,0,0,0,3,4,2,1,2013-11,2013.0 - Second Half,38.0
3594,54108,74,539,6,91,8,6,97,13,8,2,9,8,0,0,0,0,0,0,0,3,4,2,1,2012-05,2012.0 - First Half,39.0
851,57136,48,306,5,109,21,109,92,9,5,2,10,6,0,0,0,0,0,0,0,3,4,2,1,2013-09,2013.0 - Second Half,41.0
7706,46772,88,350,104,189,197,151,57,6,11,8,5,8,1,0,0,0,0,0,0,2,2,2,1,2012-07,2012.0 - Second Half,37.0
10128,53977,21,620,16,165,0,24,82,5,5,5,12,5,0,0,0,0,0,0,0,3,3,2,1,2013-08,2013.0 - Second Half,55.0
486,84219,27,434,137,400,45,137,45,1,3,4,10,1,0,0,0,0,0,0,0,4,3,2,0,2014-02,2014.0 - First Half,26.0
2853,51766,74,60,51,87,6,20,51,2,4,2,4,5,0,0,0,0,0,0,0,3,3,1,1,2014-11,2014.0 - Second Half,34.0
6310,33039,4,30,8,12,8,8,12,1,2,0,4,5,0,0,0,0,0,0,0,1,3,2,1,2013-09,2013.0 - Second Half,35.0
3887,27242,2,3,17,26,20,1,39,2,2,0,3,9,0,0,0,0,0,0,1,1,3,1,1,2012-11,2012.0 - Second Half,42.0
4278,87188,73,910,111,724,49,74,55,1,10,2,6,3,0,0,0,0,0,0,1,4,5,1,0,2013-03,2013.0 - First Half,30.0
1998,37697,82,34,6,21,11,4,8,1,2,1,3,6,0,0,0,0,0,0,0,2,3,1,1,2014-07,2014.0 - Second Half,38.0
10795,37401,14,19,3,19,3,1,3,2,2,0,3,7,0,0,0,0,0,0,0,2,5,2,1,2014-06,2014.0 - First Half,41.0
202,82032,54,332,194,377,149,125,57,0,4,6,7,1,0,0,0,0,0,0,0,4,5,1,0,2014-05,2014.0 - First Half,66.0
7998,28087,77,53,8,17,13,0,21,3,2,2,2,7,0,0,0,0,0,0,0,1,3,2,1,2012-11,2012.0 - Second Half,54.0
6050,57036,33,1171,43,219,19,14,47,4,6,3,13,9,1,0,0,0,0,0,0,3,2,2,1,2012-11,2012.0 - Second Half,37.0
3745,23331,92,5,36,7,0,10,45,2,3,0,3,8,0,0,0,0,0,0,0,1,2,2,1,2012-04,2012.0 - First Half,24.0
9771,23331,97,104,20,101,24,15,5,6,5,1,5,9,0,0,0,0,0,0,0,1,2,1,1,2012-05,2012.0 - First Half,24.0
10530,67786,0,431,82,441,80,20,102,1,3,6,6,1,0,0,0,0,0,0,1,3,5,1,0,2013-07,2013.0 - Second Half,54.0
8920,59235,4,448,40,469,80,0,91,3,11,2,12,7,0,0,0,0,0,0,0,3,4,1,1,2013-12,2013.0 - Second Half,46.0
3852,74881,48,505,72,270,36,27,54,4,9,2,12,5,0,0,0,0,0,0,0,4,4,2,1,2013-08,2013.0 - Second Half,52.0
6365,30390,5,10,12,12,25,1,20,1,2,0,3,6,0,0,0,0,0,0,0,1,2,2,0,2013-02,2013.0 - First Half,26.0
5636,30983,50,51,4,50,12,1,49,1,4,0,3,8,0,0,0,0,0,0,1,1,3,1,0,2012-09,2012.0 - Second Half,49.0
2544,57530,68,50,1,27,6,7,1,1,1,1,4,1,0,0,0,0,0,0,0,3,4,1,1,2013-12,2013.0 - Second Half,62.0
7725,76800,33,173,26,255,35,71,81,1,4,4,7,1,0,0,0,0,0,0,0,4,2,2,0,2014-08,2014.0 - Second Half,49.0
8091,63943,50,423,184,368,13,97,21,1,6,4,6,5,0,0,0,0,0,0,0,3,3,2,1,2012-02,2012.0 - First Half,56.0
5462,67445,63,757,80,217,29,80,11,5,9,6,12,6,0,0,0,0,0,0,0,3,3,2,1,2012-12,2012.0 - Second Half,38.0
879,49681,66,411,0,26,0,0,21,6,7,1,7,7,0,0,0,0,0,0,0,2,4,2,1,2013-04,2013.0 - First Half,37.0
9530,24645,16,5,3,4,4,1,0,1,1,0,2,8,0,0,0,0,0,0,0,1,3,2,1,2012-01,2012.0 - First Half,24.0
7476,63972,93,928,63,254,0,12,12,4,5,4,10,4,0,1,0,0,0,0,0,3,4,1,1,2012-02,2012.0 - First Half,48.0
9916,38998,92,34,1,14,0,0,5,3,2,0,3,8,0,0,0,0,0,1,0,2,3,2,1,2012-03,2012.0 - First Half,58.0
9952,78093,53,368,32,639,13,43,10,1,4,7,5,1,0,0,0,0,0,0,0,4,4,2,0,2013-11,2013.0 - Second Half,66.0
3503,82460,78,255,47,573,52,32,15,1,5,3,6,1,0,0,0,0,0,0,0,4,3,1,0,2013-02,2013.0 - First Half,63.0
5892,34968,11,158,6,45,8,2,2,7,3,2,5,7,0,0,0,0,0,0,0,1,3,2,1,2013-10,2013.0 - Second Half,33.0
4971,31497,22,108,1,28,13,1,4,2,3,1,4,8,0,0,0,0,0,0,0,1,5,2,1,2012-06,2012.0 - First Half,50.0
1131,52569,54,85,0,3,0,0,7,1,2,0,4,3,0,0,0,0,0,0,0,3,5,1,1,2014-05,2014.0 - First Half,47.0
2565,70638,69,1016,12,215,16,12,63,1,4,5,10,3,0,1,0,0,0,0,0,4,4,1,0,2013-01,2013.0 - First Half,58.0
11092,27116,78,12,1,21,2,2,3,2,2,0,3,7,0,0,0,0,0,0,0,1,3,2,1,2014-02,2014.0 - First Half,53.0
4480,60432,61,365,3,15,4,3,11,5,7,2,5,6,0,0,0,0,0,0,0,3,4,2,1,2014-09,2014.0 - Second Half,41.0
9971,65526,22,397,19,69,12,0,9,1,4,4,8,2,0,0,0,0,0,0,0,3,5,2,1,2014-11,2014.0 - Second Half,50.0
6729,68655,95,456,19,832,75,118,38,1,4,5,11,3,0,0,0,0,0,0,0,4,3,1,0,2012-10,2012.0 - Second Half,24.0
1773,12393,38,5,6,15,11,7,13,1,2,0,3,9,0,0,0,0,0,0,0,1,2,2,0,2012-04,2012.0 - First Half,34.0
1764,33955,92,100,2,128,23,7,10,4,5,1,5,8,0,0,0,0,0,0,0,1,3,1,1,2013-09,2013.0 - Second Half,38.0
10099,55434,21,238,115,215,169,69,76,3,5,3,13,4,0,0,0,0,0,0,0,3,3,2,1,2013-05,2013.0 - First Half,29.0
3298,52973,92,856,0,76,12,9,199,7,9,6,9,8,0,0,0,0,0,0,0,3,4,2,1,2012-08,2012.0 - Second Half,56.0
9668,18793,14,4,16,20,0,17,20,3,2,0,4,8,0,0,0,0,0,0,0,1,3,2,1,2013-12,2013.0 - Second Half,42.0
7408,54549,8,216,2,6,0,0,9,2,5,1,4,7,0,0,0,0,0,0,0,3,5,2,1,2014-03,2014.0 - First Half,62.0
8041,47111,35,595,71,153,120,112,41,6,3,2,10,9,0,0,0,0,0,0,0,2,5,1,1,2012-08,2012.0 - Second Half,41.0
10906,46681,52,269,15,69,15,19,38,2,4,6,4,5,0,0,0,0,0,0,0,2,5,2,1,2013-08,2013.0 - Second Half,65.0
3427,59821,11,629,0,70,0,0,35,6,11,2,7,8,0,0,0,0,0,0,0,3,5,2,1,2013-12,2013.0 - Second Half,58.0
10711,69755,23,217,77,373,111,23,93,1,3,6,12,1,0,0,0,0,0,0,0,4,3,2,0,2013-02,2013.0 - First Half,68.0
3829,24594,94,1,3,6,10,0,9,1,1,0,3,5,0,0,0,0,0,0,0,1,1,2,1,2013-10,2013.0 - Second Half,34.0
3091,75774,27,340,21,134,258,14,56,1,7,5,8,4,0,0,0,0,0,0,0,4,2,2,1,2014-02,2014.0 - First Half,33.0
10141,39228,1,7,1,6,0,3,3,1,0,0,3,4,0,0,0,0,0,0,0,2,4,1,0,2013-10,2013.0 - Second Half,53.0
5177,58494,56,298,7,68,4,0,19,2,6,2,6,6,0,0,0,0,0,0,0,3,4,2,1,2013-12,2013.0 - Second Half,39.0
7485,56551,48,67,4,32,17,2,16,3,2,1,4,4,0,0,0,0,0,0,0,3,5,1,1,2014-07,2014.0 - Second Half,64.0
10352,34213,2,50,4,28,6,3,26,3,3,1,2,9,0,0,0,0,0,0,1,1,3,1,1,2012-07,2012.0 - Second Half,49.0
1834,35544,77,30,5,23,4,1,4,1,2,0,3,7,0,0,0,0,0,0,0,2,4,1,1,2014-08,2014.0 - Second Half,36.0
2295,62670,57,539,30,92,80,46,38,1,5,3,13,3,0,0,0,0,0,0,0,3,5,2,1,2014-02,2014.0 - First Half,60.0
1165,50729,62,239,13,143,45,4,52,9,6,2,7,6,0,0,0,0,0,0,0,2,5,1,1,2013-02,2013.0 - First Half,55.0
2639,43602,45,19,5,12,10,3,19,3,3,1,2,6,0,0,0,0,0,0,0,2,3,1,1,2014-10,2014.0 - Second Half,48.0
8299,33996,46,40,2,15,8,0,6,1,1,1,3,4,0,0,0,0,0,0,0,1,5,1,0,2013-11,2013.0 - Second Half,24.0
1964,86610,66,446,107,768,33,196,53,1,5,6,6,2,0,0,0,0,0,0,0,4,3,2,0,2013-05,2013.0 - First Half,62.0
3690,80141,20,1184,102,673,52,40,40,1,7,4,10,6,0,0,1,0,0,0,1,4,4,2,0,2013-11,2013.0 - Second Half,27.0
3433,72635,54,390,22,323,104,35,107,1,6,8,6,3,0,0,0,1,0,0,0,4,2,2,0,2013-03,2013.0 - First Half,58.0
4065,49544,0,308,0,73,0,0,23,2,5,1,8,7,0,0,0,0,0,0,0,2,5,2,1,2013-12,2013.0 - Second Half,37.0
1215,70440,49,690,117,499,76,102,88,1,5,10,7,3,0,0,0,1,0,0,0,4,3,2,0,2013-08,2013.0 - Second Half,35.0
2156,22554,38,27,0,10,0,0,4,4,2,0,4,5,0,0,0,0,0,0,0,1,5,2,1,2012-03,2012.0 - First Half,57.0
7788,23536,53,6,0,3,0,0,1,1,0,0,3,3,0,0,0,0,0,0,0,1,5,2,1,2014-04,2014.0 - First Half,31.0
1891,78789,12,667,50,850,21,83,83,1,4,6,5,2,0,0,0,0,0,0,1,4,4,1,0,2012-08,2012.0 - Second Half,32.0
9256,58350,5,493,26,206,116,80,80,4,8,3,12,6,0,0,0,0,0,0,0,3,3,1,1,2013-04,2013.0 - First Half,42.0
6349,61787,71,621,73,414,78,48,85,1,8,4,6,5,0,0,0,0,0,0,0,3,4,1,0,2013-06,2013.0 - First Half,26.0
4676,73705,86,612,91,520,258,107,107,2,9,6,8,5,0,0,0,0,0,0,0,4,4,1,1,2014-05,2014.0 - First Half,63.0
7349,9722,7,6,17,16,6,16,42,4,3,1,3,8,0,0,0,0,0,0,1,1,1,2,1,2012-02,2012.0 - First Half,39.0
7732,64813,81,293,0,124,179,97,52,1,7,2,10,5,0,0,0,0,0,0,0,3,3,2,1,2014-02,2014.0 - First Half,36.0
8070,54222,98,199,12,31,3,12,7,1,3,3,5,3,0,0,0,0,0,0,0,3,5,2,1,2014-01,2014.0 - First Half,41.0
2202,41154,98,44,2,11,2,3,7,1,1,0,4,5,0,0,0,0,0,0,0,2,3,2,1,2013-09,2013.0 - Second Half,35.0
7396,80398,92,342,51,936,207,35,26,1,5,8,12,3,0,0,1,0,0,0,0,4,3,2,0,2012-10,2012.0 - Second Half,46.0
7629,22108,46,5,3,9,6,2,6,2,2,0,3,7,0,0,0,0,0,0,0,1,3,2,1,2014-08,2014.0 - Second Half,37.0
10640,44392,71,87,5,71,7,12,29,5,4,1,4,7,0,0,0,0,0,0,0,2,3,2,1,2013-05,2013.0 - First Half,39.0
1172,92491,71,979,44,935,29,25,22,1,7,5,12,3,0,1,1,1,0,0,1,4,5,2,0,2013-01,2013.0 - First Half,30.0
4686,82571,28,861,31,558,62,95,79,0,6,5,13,2,0,0,1,0,0,0,0,4,5,1,0,2014-02,2014.0 - First Half,52.0
1744,23529,67,9,7,13,3,2,20,1,1,1,2,6,0,0,0,0,0,0,0,1,1,1,1,2013-07,2013.0 - Second Half,48.0
1000,74881,48,505,72,270,36,27,54,4,9,2,12,5,0,0,0,0,0,0,0,4,4,2,1,2013-08,2013.0 - Second Half,52.0
10129,82427,35,482,147,509,104,107,107,1,3,5,12,1,0,0,1,0,0,0,0,4,3,2,0,2014-12,2014.0 - Second Half,48.0
2499,75342,38,204,97,97,21,118,26,1,5,2,10,4,0,0,0,0,0,0,0,4,2,1,1,2013-06,2013.0 - First Half,55.0
1064,42403,18,22,1,11,0,5,3,1,1,0,3,8,0,0,0,0,0,0,0,2,5,2,1,2013-11,2013.0 - Second Half,42.0
737,80360,56,1493,86,454,112,43,43,2,4,4,5,2,0,1,1,1,0,0,0,4,5,2,0,2013-03,2013.0 - First Half,64.0
7807,44989,26,98,0,106,49,10,106,5,5,1,5,6,0,0,0,0,0,0,0,2,3,2,1,2012-12,2012.0 - Second Half,38.0
5092,51569,39,380,0,47,6,0,34,4,7,1,7,8,0,1,0,0,0,0,1,2,5,1,1,2013-12,2013.0 - Second Half,64.0
3798,41120,80,24,2,23,0,8,24,3,2,1,3,6,0,0,0,0,0,0,0,2,3,2,1,2013-06,2013.0 - First Half,45.0
3524,39763,9,80,1,60,4,6,16,2,5,1,2,9,0,0,0,0,0,0,1,2,4,1,1,2013-04,2013.0 - First Half,42.0
5247,38725,52,31,0,6,2,1,5,2,1,0,4,4,0,0,0,0,0,0,0,2,5,2,1,2014-10,2014.0 - Second Half,59.0
2118,62905,68,166,75,96,119,107,59,3,7,2,8,4,0,0,0,0,0,0,0,3,2,2,1,2013-10,2013.0 - Second Half,49.0
8812,13533,45,12,3,8,8,0,17,2,2,0,3,7,0,0,0,0,0,0,0,1,2,1,1,2013-10,2013.0 - Second Half,34.0
4328,21955,81,5,1,7,17,14,11,2,2,1,3,6,0,0,0,0,0,0,0,1,2,2,1,2013-07,2013.0 - Second Half,27.0
2631,71853,29,358,108,413,141,97,32,1,2,8,6,1,0,0,0,0,0,0,0,4,3,2,0,2013-08,2013.0 - Second Half,31.0
8895,70596,68,347,44,534,17,0,26,1,3,5,12,2,0,0,0,0,0,0,0,4,3,1,0,2012-05,2012.0 - First Half,27.0
8584,85431,54,376,53,462,168,53,53,1,2,7,7,0,0,0,0,0,0,0,0,4,5,2,0,2013-08,2013.0 - Second Half,61.0
10477,39435,16,71,0,18,0,0,13,1,3,1,2,7,0,0,0,0,0,0,0,2,5,2,1,2013-06,2013.0 - First Half,40.0
2681,65370,1,71,22,112,138,89,29,1,2,3,13,1,0,0,0,0,0,0,0,3,2,2,0,2013-01,2013.0 - First Half,29.0
7261,34600,8,199,33,60,8,3,15,5,5,2,5,8,0,0,0,0,0,0,1,1,3,2,1,2013-01,2013.0 - First Half,42.0
9648,46904,20,153,4,56,0,9,31,4,5,1,4,8,0,0,0,0,0,0,0,2,3,1,1,2012-03,2012.0 - First Half,45.0
8008,36075,54,46,0,30,12,1,30,1,2,0,4,6,0,0,0,0,0,0,0,2,3,2,1,2013-09,2013.0 - Second Half,30.0
6173,77298,46,425,115,292,23,35,79,1,6,6,11,3,0,0,0,0,0,0,0,4,3,2,1,2013-02,2013.0 - First Half,34.0
1419,34026,11,18,6,15,12,8,17,3,2,1,3,5,0,0,0,0,0,0,0,1,3,2,1,2013-05,2013.0 - First Half,63.0
9150,48918,21,52,0,9,0,0,1,2,1,0,4,4,0,0,0,0,0,0,0,2,5,1,1,2014-12,2014.0 - Second Half,51.0
1250,37697,82,34,6,21,11,4,8,1,2,1,3,6,0,0,0,0,0,0,0,2,3,1,1,2014-07,2014.0 - Second Half,38.0
7002,62535,13,163,48,90,0,45,52,1,3,2,8,3,0,0,0,0,0,0,0,3,3,1,1,2013-03,2013.0 - First Half,58.0
8439,63404,97,734,26,70,11,44,17,2,6,3,4,4,0,0,0,1,0,0,0,3,3,2,1,2014-06,2014.0 - First Half,50.0
762,75774,27,340,21,134,258,14,56,1,7,5,8,4,0,0,0,0,0,0,0,4,2,2,1,2014-02,2014.0 - First Half,33.0
8397,44689,82,18,0,5,0,0,11,2,1,1,2,7,1,0,0,0,0,0,0,2,3,2,1,2014-10,2014.0 - Second Half,63.0
9284,53977,21,620,16,165,0,24,82,5,5,5,12,5,0,0,0,0,0,0,0,3,3,2,1,2013-08,2013.0 - Second Half,55.0
6237,7144,92,81,4,33,5,2,291,0,23,1,1,0,0,0,0,0,0,0,0,1,5,1,1,2013-07,2013.0 - Second Half,47.0
3130,18701,95,12,4,2,10,6,10,4,2,0,4,5,0,0,0,0,0,0,0,1,3,1,1,2013-04,2013.0 - First Half,49.0
1990,63159,74,965,34,586,89,86,37,1,3,5,8,3,1,0,0,0,0,0,0,3,5,1,0,2012-05,2012.0 - First Half,38.0
5513,37758,49,27,2,10,0,0,1,2,1,0,3,8,0,0,0,0,0,0,0,2,3,2,1,2012-04,2012.0 - First Half,46.0
2415,62568,99,362,17,398,80,35,61,3,5,3,5,4,0,0,0,1,0,0,0,3,3,2,1,2014-07,2014.0 - Second Half,52.0
5684,44635,25,56,0,9,0,0,3,2,2,0,3,7,0,0,0,0,0,0,0,2,4,1,1,2013-11,2013.0 - Second Half,42.0
8334,33316,34,79,1,31,4,4,12,3,2,1,4,6,0,0,0,0,0,0,0,1,4,1,1,2013-04,2013.0 - First Half,42.0
9166,63967,57,387,84,141,73,35,162,3,4,4,12,2,0,0,0,0,0,0,0,3,3,2,1,2013-09,2013.0 - Second Half,45.0
1440,52513,84,367,17,241,104,188,232,2,9,5,9,7,0,0,0,0,0,0,0,3,2,2,0,2012-04,2012.0 - First Half,34.0
6859,29236,30,37,4,24,16,9,9,2,4,0,3,9,0,0,0,0,0,0,0,1,3,1,1,2013-08,2013.0 - Second Half,26.0
10521,54809,0,63,6,57,13,13,22,4,2,1,5,4,0,0,0,0,0,0,1,3,3,2,1,2013-11,2013.0 - Second Half,36.0
7393,41580,15,56,5,24,4,0,3,3,2,1,3,5,0,0,0,0,0,0,0,2,3,2,1,2012-10,2012.0 - Second Half,34.0
7849,80336,12,209,19,456,160,142,66,1,2,9,13,1,0,0,0,0,0,0,0,4,5,2,0,2013-09,2013.0 - Second Half,43.0
9847,62972,39,313,15,47,20,0,192,2,7,4,3,6,0,0,0,0,0,0,0,3,2,2,1,2012-03,2012.0 - First Half,57.0
9576,32313,60,86,4,56,2,4,7,3,4,0,4,9,0,0,0,0,0,0,0,1,5,2,1,2013-11,2013.0 - Second Half,31.0
6906,84953,73,167,48,602,63,72,72,1,3,10,4,2,0,1,1,1,0,0,1,4,4,1,0,2013-03,2013.0 - First Half,60.0
8527,65735,37,239,7,119,4,15,11,5,6,2,6,7,0,0,0,0,0,0,0,3,4,2,1,2013-07,2013.0 - Second Half,48.0
7872,86836,7,179,21,273,0,21,63,1,6,10,6,5,1,0,1,1,0,0,1,4,5,2,0,2012-12,2012.0 - Second Half,37.0
10595,30093,19,2,6,28,13,4,16,1,2,0,3,7,0,0,0,0,0,0,0,1,3,2,0,2013-08,2013.0 - Second Half,23.0
4609,57705,14,383,0,53,6,4,40,3,8,1,6,6,0,0,0,0,0,0,0,3,5,2,1,2014-11,2014.0 - Second Half,48.0
5010,25008,72,2,8,8,6,1,9,2,1,0,3,8,0,0,0,0,0,0,0,1,3,1,1,2014-02,2014.0 - First Half,26.0
9595,64260,1,539,169,816,20,0,30,1,4,5,4,3,0,0,0,0,0,0,1,3,3,2,0,2013-11,2013.0 - Second Half,52.0
10163,82733,28,712,50,420,65,38,38,1,8,4,7,4,0,0,0,0,0,0,1,4,5,1,0,2013-10,2013.0 - Second Half,29.0
2886,74290,70,1121,0,72,0,12,12,4,10,8,10,6,0,1,0,1,0,0,0,4,4,1,1,2013-12,2013.0 - Second Half,42.0
5316,21024,89,36,4,18,6,2,18,1,2,0,4,7,0,0,0,0,0,0,0,1,4,2,0,2013-04,2013.0 - First Half,37.0
1459,69063,16,666,35,124,69,8,26,1,5,3,5,3,0,0,0,0,0,0,0,4,5,2,1,2012-07,2012.0 - Second Half,46.0
1630,61825,56,162,50,100,55,30,27,1,4,2,8,4,0,0,0,0,0,0,0,3,3,1,1,2013-07,2013.0 - Second Half,34.0
9064,69109,10,823,25,459,124,29,95,1,6,6,7,4,0,0,1,0,0,0,1,4,3,2,0,2012-09,2012.0 - Second Half,30.0
3678,60208,13,488,23,71,15,0,59,11,8,3,7,7,0,1,0,0,0,0,1,3,3,1,1,2012-07,2012.0 - Second Half,39.0
4227,32889,78,28,0,13,4,2,8,3,2,1,3,5,0,0,0,0,0,0,0,1,4,2,1,2013-06,2013.0 - First Half,45.0
9467,34738,51,3,2,10,3,0,2,1,1,0,3,6,0,0,0,0,0,0,0,1,3,1,1,2014-11,2014.0 - Second Half,30.0
8486,30538,27,284,0,52,8,3,20,4,9,0,4,10,0,0,0,0,0,0,0,1,4,2,1,2012-01,2012.0 - First Half,41.0
2186,82326,30,938,142,754,159,81,183,1,5,10,6,2,0,1,1,1,0,0,1,4,2,2,0,2014-10,2014.0 - Second Half,37.0
3286,26642,71,13,2,15,2,2,8,2,2,0,3,6,0,0,0,0,0,0,0,1,5,1,1,2014-01,2014.0 - First Half,47.0
8602,69932,97,412,172,153,150,105,57,2,7,6,11,4,0,0,0,0,0,0,0,4,3,1,1,2013-12,2013.0 - Second Half,49.0
6715,60200,3,502,19,132,0,6,26,6,6,2,11,6,0,0,0,0,0,0,0,3,5,1,1,2013-02,2013.0 - First Half,65.0
9612,23830,3,1,8,6,4,8,16,1,1,0,3,7,0,0,0,0,0,0,0,1,2,1,0,2014-07,2014.0 - Second Half,27.0
10702,52413,67,185,8,133,56,56,12,2,7,1,7,7,0,0,0,0,0,0,0,3,3,1,1,2012-03,2012.0 - First Half,28.0
5113,86979,67,584,100,835,65,83,35,1,5,5,5,2,1,0,0,0,0,0,1,4,5,1,0,2013-07,2013.0 - Second Half,42.0
10858,76532,38,355,30,177,90,138,30,4,9,5,7,5,0,0,0,0,0,0,0,4,3,2,1,2013-09,2013.0 - Second Half,38.0
3010,88420,87,957,153,612,99,95,153,1,4,7,8,1,1,0,1,1,0,0,0,4,4,2,0,2014-02,2014.0 - First Half,25.0
6892,61671,23,641,7,56,0,0,28,8,10,4,6,8,0,1,0,1,0,0,0,3,3,1,1,2014-03,2014.0 - First Half,46.0
8462,24882,52,1,4,10,29,0,36,1,1,1,2,6,1,0,0,0,0,0,0,1,1,2,1,2012-09,2012.0 - Second Half,34.0
544,62820,51,398,61,265,138,61,53,1,3,4,6,1,0,0,0,0,0,0,0,3,3,2,0,2013-11,2013.0 - Second Half,59.0
17,60491,81,637,47,237,12,19,76,4,6,11,7,5,0,0,0,0,0,0,0,3,5,2,1,2013-06,2013.0 - First Half,42.0
10680,33235,71,45,0,16,2,1,6,1,3,0,3,7,0,0,0,0,0,0,0,1,3,2,1,2014-05,2014.0 - First Half,28.0
5544,67384,32,957,40,175,158,53,107,2,7,8,5,5,0,1,0,0,0,0,0,3,3,1,1,2012-10,2012.0 - Second Half,42.0
4994,77598,53,1193,33,281,129,66,33,1,7,5,13,3,0,0,1,0,0,0,0,4,4,1,0,2013-01,2013.0 - First Half,70.0
7966,80982,48,505,137,401,104,22,22,3,11,5,11,5,0,0,0,0,0,1,0,4,3,1,1,2013-08,2013.0 - Second Half,54.0
3112,22701,2,2,4,9,0,4,5,1,1,0,3,5,0,0,0,0,0,0,0,1,4,2,1,2013-05,2013.0 - First Half,36.0
1458,21059,40,8,3,19,3,3,8,3,3,0,3,6,0,0,0,0,0,0,0,1,4,2,1,2014-07,2014.0 - Second Half,32.0
7007,29543,47,17,3,18,3,4,18,2,3,1,2,7,0,0,0,0,0,0,0,1,4,2,1,2014-01,2014.0 - First Half,46.0
6200,75903,50,340,108,185,130,38,100,2,6,6,9,3,0,0,0,0,0,0,0,4,3,2,1,2013-08,2013.0 - Second Half,62.0
1403,34984,40,8,4,15,3,5,3,2,1,0,3,7,0,0,0,0,0,0,0,1,2,2,1,2012-06,2012.0 - First Half,37.0
4827,54998,3,154,22,202,39,30,8,5,4,2,9,4,0,0,0,0,0,0,1,3,5,1,1,2013-10,2013.0 - Second Half,57.0
1139,73356,56,1050,14,322,0,14,112,1,5,11,5,2,1,0,1,1,0,0,1,4,5,2,0,2014-06,2014.0 - First Half,30.0
5393,23763,64,22,0,6,6,2,6,1,1,0,3,7,0,0,0,0,0,0,0,1,3,1,1,2012-07,2012.0 - Second Half,35.0
10868,70792,82,344,45,654,104,11,114,2,3,4,10,3,0,0,0,0,0,0,0,4,3,1,0,2013-06,2013.0 - First Half,62.0
10676,63211,3,145,193,459,205,26,145,2,3,8,7,2,0,0,0,0,0,0,1,3,3,2,0,2012-02,2012.0 - First Half,30.0
9955,39898,20,69,8,26,12,7,12,2,3,0,4,7,0,0,0,0,0,0,0,2,3,2,1,2013-12,2013.0 - Second Half,59.0
6663,51141,96,144,0,7,0,0,6,1,3,1,4,5,0,0,0,0,0,0,0,2,5,1,0,2013-08,2013.0 - Second Half,73.0
3434,80872,60,483,72,567,94,12,108,1,4,4,10,1,0,0,0,0,0,0,0,4,3,1,0,2014-12,2014.0 - Second Half,63.0
6428,76842,37,605,10,345,84,54,32,1,1,8,7,0,0,0,0,0,0,0,0,4,5,1,0,2014-03,2014.0 - First Half,64.0
7530,56551,48,67,4,32,17,2,16,3,2,1,4,4,0,0,0,0,0,0,0,3,5,1,1,2014-07,2014.0 - Second Half,64.0
8925,70053,38,512,53,98,81,179,89,3,8,5,10,5,0,0,0,0,0,0,0,4,4,2,1,2013-03,2013.0 - First Half,48.0
3009,71670,8,1462,16,128,0,0,160,1,5,3,6,6,0,1,1,0,1,0,1,4,5,1,0,2013-09,2013.0 - Second Half,51.0
3517,40887,32,50,4,44,10,10,43,3,3,1,3,9,0,0,0,0,0,0,1,2,3,1,1,2013-06,2013.0 - First Half,61.0
1158,48877,27,102,1,15,2,0,24,1,3,0,4,7,0,0,0,0,0,0,0,2,3,1,1,2014-05,2014.0 - First Half,48.0
2452,34600,8,199,33,60,8,3,15,5,5,2,5,8,0,0,0,0,0,0,1,1,3,2,1,2013-01,2013.0 - First Half,42.0
9507,40794,18,261,23,73,4,23,50,2,6,3,5,7,0,0,0,0,0,0,0,2,3,2,1,2013-07,2013.0 - Second Half,38.0
8360,54690,76,111,16,37,7,9,18,3,3,1,5,3,0,0,0,0,0,0,0,3,2,2,1,2013-07,2013.0 - Second Half,42.0
10311,4428,0,16,4,12,2,4,321,0,25,0,0,1,0,0,0,0,0,0,0,1,3,2,1,2013-05,2013.0 - First Half,44.0
5117,32632,32,63,151,137,153,19,53,2,4,4,8,5,0,0,0,0,0,0,0,1,2,2,0,2012-02,2012.0 - First Half,49.0
9289,36781,16,29,1,17,0,3,13,1,2,1,2,8,0,0,0,0,0,0,1,2,3,2,1,2014-10,2014.0 - Second Half,35.0
10913,31385,56,3,2,12,0,1,9,1,1,0,2,8,1,0,0,0,0,0,1,1,4,1,1,2012-05,2012.0 - First Half,28.0
3334,94642,35,879,143,797,106,143,143,0,5,7,9,1,0,0,1,1,0,0,0,4,3,2,0,2014-12,2014.0 - Second Half,63.0
4470,58646,3,62,1,44,6,5,22,1,2,1,4,4,0,0,0,0,0,0,0,3,4,2,1,2013-10,2013.0 - Second Half,51.0
1406,53201,49,280,7,81,20,0,27,8,6,3,5,7,0,0,0,0,0,0,0,3,3,1,1,2013-12,2013.0 - Second Half,38.0
10821,57113,45,182,4,33,0,2,42,6,4,1,5,7,0,0,0,0,0,0,0,3,3,2,1,2013-06,2013.0 - First Half,35.0
10164,94472,75,1017,33,417,108,100,16,1,5,5,5,5,0,1,1,0,0,0,0,4,3,1,1,2014-03,2014.0 - First Half,56.0
176,67506,73,90,38,67,33,36,67,1,4,1,6,3,0,0,0,0,0,0,0,3,2,1,1,2014-02,2014.0 - First Half,34.0
4860,24206,66,7,2,8,3,2,3,1,1,0,3,6,0,0,0,0,0,0,0,1,3,1,1,2013-08,2013.0 - Second Half,43.0
4023,22979,29,16,17,19,20,21,22,3,3,2,2,8,0,0,0,0,0,0,1,1,3,2,1,2012-06,2012.0 - First Half,42.0
6679,33279,29,10,3,3,0,0,0,1,0,0,3,3,0,0,0,0,0,0,0,1,3,1,0,2014-12,2014.0 - Second Half,48.0
7181,30368,97,35,0,13,2,0,2,2,2,0,3,8,0,0,0,0,0,0,0,1,3,2,1,2013-07,2013.0 - Second Half,36.0
832,65814,90,561,14,113,10,14,35,3,8,2,10,5,0,0,0,0,0,0,0,3,5,2,1,2014-02,2014.0 - First Half,48.0
500,96876,79,908,43,735,40,194,21,1,7,7,9,2,0,1,1,1,0,0,1,4,3,2,0,2013-06,2013.0 - First Half,36.0
3262,68281,31,995,112,417,42,48,41,1,2,9,13,5,0,0,0,0,0,0,1,3,3,1,0,2012-07,2012.0 - Second Half,54.0
7042,36790,14,3,3,14,15,21,10,1,2,1,2,9,0,0,0,0,0,0,1,2,3,2,0,2013-01,2013.0 - First Half,30.0
9829,28587,42,22,4,17,12,10,13,3,2,0,4,6,0,0,0,0,0,0,0,1,3,2,1,2014-12,2014.0 - Second Half,36.0
6214,43815,53,14,10,29,4,7,15,1,2,0,3,6,0,0,0,0,0,0,0,2,4,2,1,2013-05,2013.0 - First Half,31.0
7861,77027,23,820,57,242,45,0,11,2,8,3,6,4,0,0,0,0,0,0,0,4,4,2,1,2014-05,2014.0 - First Half,62.0
4198,29672,6,9,1,3,0,4,8,1,0,0,3,6,0,0,0,0,0,0,0,1,3,2,1,2013-12,2013.0 - Second Half,48.0
9323,49912,5,520,8,223,32,49,42,4,10,5,7,8,1,0,0,0,0,0,1,2,4,2,1,2012-07,2012.0 - Second Half,63.0
10001,7500,98,5,17,17,13,14,34,4,2,1,3,9,0,0,0,0,0,0,0,1,2,2,1,2012-01,2012.0 - First Half,27.0
3945,68117,80,618,44,215,0,17,36,2,11,8,4,6,1,0,0,0,0,0,1,3,5,1,1,2013-10,2013.0 - Second Half,66.0
8625,17649,70,15,1,23,0,5,1,3,3,0,3,8,0,0,0,0,0,0,0,1,3,2,1,2013-12,2013.0 - Second Half,37.0
9119,60905,27,208,17,76,36,17,38,2,3,3,7,2,0,0,0,0,0,0,0,3,3,2,1,2013-05,2013.0 - First Half,63.0
4786,75330,94,555,82,257,93,61,61,4,10,3,12,6,0,0,0,0,0,0,0,4,3,2,1,2012-04,2012.0 - First Half,35.0
5872,60689,23,240,90,216,63,6,24,4,4,4,10,3,0,0,0,0,0,0,0,3,3,1,1,2013-01,2013.0 - First Half,62.0
5628,61416,25,848,154,323,201,61,78,1,10,3,10,6,1,0,0,0,0,0,0,3,3,2,0,2013-08,2013.0 - Second Half,31.0
5631,49767,92,202,47,197,55,42,149,1,5,4,8,4,0,0,0,0,0,0,0,2,3,1,0,2013-02,2013.0 - First Half,22.0
5454,45057,80,37,0,7,3,0,3,1,2,0,3,5,0,0,0,0,0,0,0,2,4,2,1,2013-01,2013.0 - First Half,34.0
4095,37150,80,167,37,64,49,34,116,8,4,3,6,7,0,0,0,0,0,0,0,2,3,2,1,2012-11,2012.0 - Second Half,41.0
4268,53154,50,129,0,21,0,1,7,1,3,1,4,4,0,0,0,0,0,0,0,3,3,2,1,2014-09,2014.0 - Second Half,55.0
10701,65308,60,713,0,264,120,80,34,1,7,8,12,4,0,0,1,1,0,0,0,3,3,2,0,2013-11,2013.0 - Second Half,40.0
626,32871,28,22,2,12,0,2,5,1,1,0,3,4,0,0,0,0,0,0,0,1,3,2,1,2013-09,2013.0 - Second Half,62.0
10509,36927,46,51,0,16,0,0,4,2,3,0,3,8,0,0,0,0,0,0,0,2,4,1,1,2014-02,2014.0 - First Half,59.0
7441,71128,80,958,159,447,20,0,31,3,2,10,12,7,0,0,0,0,0,0,0,4,3,1,1,2012-06,2012.0 - First Half,39.0
10061,59462,29,724,17,143,0,8,196,2,9,2,12,7,0,0,0,0,0,0,0,3,3,2,1,2013-05,2013.0 - First Half,63.0
322,42554,93,29,1,11,0,0,0,2,2,0,3,4,0,0,0,0,0,0,0,2,3,2,1,2013-12,2013.0 - Second Half,35.0
10897,67445,63,757,80,217,29,80,11,5,9,6,12,6,0,0,0,0,0,0,0,3,3,2,1,2012-12,2012.0 - Second Half,38.0
123,67046,92,544,35,133,23,151,107,2,4,5,4,2,0,0,0,0,0,0,0,3,3,1,1,2013-06,2013.0 - First Half,62.0
6103,42192,40,40,15,15,17,6,7,1,2,1,3,4,0,0,0,0,0,0,0,2,3,2,0,2013-06,2013.0 - First Half,65.0
10500,31761,96,19,1,20,16,14,28,2,3,0,4,5,0,0,0,0,0,0,0,1,3,2,1,2014-05,2014.0 - First Half,30.0
2406,54591,63,376,4,94,12,9,24,3,6,2,8,5,0,0,0,0,0,0,0,3,3,2,1,2013-05,2013.0 - First Half,64.0
10643,42000,23,124,83,267,85,59,35,2,5,2,11,5,0,0,0,0,0,0,1,2,5,1,0,2013-10,2013.0 - Second Half,26.0
2254,69520,95,627,120,414,121,80,93,1,9,6,5,5,0,0,0,0,0,0,0,4,3,2,0,2013-07,2013.0 - Second Half,30.0
10281,64713,11,180,60,241,13,54,54,2,5,5,7,4,0,0,0,0,0,0,1,3,3,1,1,2014-07,2014.0 - Second Half,44.0
6958,27889,42,14,0,4,0,0,8,1,1,1,2,6,0,0,0,0,0,0,0,1,4,2,1,2013-05,2013.0 - First Half,36.0
5079,52247,82,71,1,16,0,0,9,4,2,1,3,8,0,0,0,0,0,0,0,3,3,2,1,2013-03,2013.0 - First Half,42.0
6497,51651,32,293,6,23,13,6,92,4,6,2,5,8,0,0,0,0,0,0,0,2,3,2,1,2012-07,2012.0 - Second Half,52.0
6507,30828,16,16,11,15,2,0,12,2,1,1,4,3,0,0,0,0,0,0,0,1,3,1,1,2013-04,2013.0 - First Half,33.0
7901,34109,39,9,1,5,2,1,4,1,0,0,3,4,0,0,0,0,0,0,0,1,4,2,1,2013-06,2013.0 - First Half,42.0
3107,71322,31,121,24,124,24,15,42,1,4,1,7,2,0,0,0,0,0,0,0,4,3,2,1,2014-02,2014.0 - First Half,38.0
1146,49912,5,520,8,223,32,49,42,4,10,5,7,8,1,0,0,0,0,0,1,2,4,2,1,2012-07,2012.0 - Second Half,63.0
6183,58646,3,62,1,44,6,5,22,1,2,1,4,4,0,0,0,0,0,0,0,3,4,2,1,2013-10,2013.0 - Second Half,51.0
5991,48150,24,173,2,39,3,2,47,3,5,1,4,7,0,0,0,0,0,0,0,2,4,2,1,2013-08,2013.0 - Second Half,64.0
9729,58275,48,189,10,253,56,43,64,6,8,2,7,7,0,0,0,0,0,0,0,3,3,1,1,2013-02,2013.0 - First Half,58.0
3969,43018,46,35,4,17,7,6,64,1,2,2,2,5,0,0,0,0,0,0,0,2,4,2,1,2013-01,2013.0 - First Half,39.0
9907,66476,80,742,28,152,25,9,57,2,6,8,10,4,0,0,0,0,0,0,0,3,4,2,1,2013-04,2013.0 - First Half,44.0
6262,72217,93,816,42,450,55,56,154,1,3,10,8,2,0,0,0,0,0,0,0,4,4,1,0,2013-10,2013.0 - Second Half,51.0
8832,37509,24,37,5,56,12,8,5,2,3,0,4,7,0,0,0,0,0,0,0,2,4,2,1,2012-12,2012.0 - Second Half,36.0
10067,25176,79,4,0,4,0,0,5,1,1,0,2,7,0,0,0,0,0,0,0,1,2,2,1,2013-10,2013.0 - Second Half,37.0
4915,53230,86,176,72,98,136,21,229,4,5,2,12,5,0,0,0,0,0,0,0,3,2,2,1,2012-03,2012.0 - First Half,56.0
2088,84906,98,997,15,414,99,30,76,1,5,6,12,2,0,1,1,0,1,0,0,4,3,2,0,2013-04,2013.0 - First Half,41.0
2493,61286,34,356,0,107,19,9,117,2,7,1,8,5,0,0,0,0,0,0,0,3,3,2,1,2013-02,2013.0 - First Half,47.0
1631,65220,3,890,63,292,0,25,12,4,8,4,7,6,0,0,0,0,0,0,1,3,5,2,0,2012-03,2012.0 - First Half,47.0
10104,33590,65,4,0,2,0,0,2,1,1,0,2,7,0,0,0,0,0,0,0,1,3,2,1,2013-03,2013.0 - First Half,39.0
3919,72309,64,960,0,883,50,38,0,1,5,6,8,3,0,0,0,1,0,0,1,4,4,1,0,2013-11,2013.0 - Second Half,37.0
10127,58692,21,301,11,61,4,7,11,1,8,2,4,7,0,0,0,0,0,0,0,3,3,2,1,2014-06,2014.0 - First Half,49.0
271,40590,30,154,0,50,6,11,37,5,3,4,3,6,1,0,0,0,0,0,0,2,3,1,1,2013-02,2013.0 - First Half,44.0
4973,20587,39,2,3,6,4,1,9,1,1,1,2,7,0,0,0,0,0,0,0,1,3,1,1,2014-11,2014.0 - Second Half,44.0
2948,62637,76,104,12,48,4,12,5,1,2,2,5,2,0,0,0,0,0,0,0,3,4,1,1,2014-01,2014.0 - First Half,60.0
2715,29435,11,70,3,37,4,2,64,4,3,2,2,9,0,0,0,0,0,0,1,1,4,1,1,2012-06,2012.0 - First Half,46.0
7124,36997,72,43,4,12,8,0,27,5,2,1,4,5,0,0,0,0,0,0,0,2,3,1,1,2013-01,2013.0 - First Half,45.0
7873,63516,30,141,11,114,15,14,5,4,4,1,7,5,0,0,0,0,0,0,0,3,5,2,1,2013-06,2013.0 - First Half,40.0
10609,42769,15,71,0,13,3,1,0,2,1,1,4,4,0,0,0,0,0,0,0,2,5,2,1,2013-12,2013.0 - Second Half,51.0
7699,40590,30,154,0,50,6,11,37,5,3,4,3,6,1,0,0,0,0,0,0,2,3,1,1,2013-02,2013.0 - First Half,44.0
8933,32146,16,26,3,23,4,7,3,2,2,0,4,6,0,0,0,0,0,0,0,1,2,2,1,2014-12,2014.0 - Second Half,31.0
5186,58482,59,576,7,115,19,7,7,2,7,4,9,6,0,1,0,0,0,0,0,3,5,2,1,2014-12,2014.0 - Second Half,59.0
5667,60896,90,1013,30,399,60,46,153,3,9,10,4,6,0,0,0,0,0,0,1,3,5,2,1,2012-11,2012.0 - Second Half,48.0
902,62994,74,224,12,48,4,12,12,1,6,2,4,6,0,0,0,0,0,0,0,3,3,2,1,2014-04,2014.0 - First Half,34.0
977,47320,10,200,19,111,50,15,19,6,5,1,8,6,0,0,0,0,0,0,0,2,3,2,1,2013-01,2013.0 - First Half,56.0
7313,74859,63,570,73,614,133,102,73,1,6,5,11,3,0,0,0,1,0,0,0,4,2,1,0,2013-03,2013.0 - First Half,64.0
9362,69263,14,492,5,32,13,5,21,1,9,1,7,6,0,1,0,0,0,0,0,4,3,1,1,2014-05,2014.0 - First Half,49.0
2829,65210,25,626,0,70,0,7,28,2,9,3,8,6,0,1,0,1,0,0,0,3,3,2,1,2014-10,2014.0 - Second Half,59.0
1772,79174,2,1074,37,518,193,92,129,1,5,6,7,2,0,0,1,1,0,0,1,4,5,2,0,2013-11,2013.0 - Second Half,38.0
4377,52914,32,254,10,44,30,10,227,2,7,3,3,7,1,0,0,0,0,0,0,3,3,2,1,2013-07,2013.0 - Second Half,42.0
1321,26067,49,22,2,18,0,2,12,3,3,0,3,8,0,0,0,0,0,0,0,1,3,2,1,2013-04,2013.0 - First Half,39.0
8858,44325,69,516,0,21,0,0,5,4,8,2,7,8,0,1,0,0,0,0,0,2,5,2,1,2013-07,2013.0 - Second Half,41.0
9723,67716,8,530,142,217,62,9,56,4,7,4,13,5,0,1,0,0,0,0,0,3,3,2,1,2013-10,2013.0 - Second Half,53.0
2666,76234,21,519,50,167,130,0,41,1,8,3,11,3,0,1,0,0,0,0,0,4,4,2,1,2014-06,2014.0 - First Half,42.0
5721,84117,60,611,76,749,59,45,26,1,7,10,6,2,0,0,1,0,0,0,0,4,5,2,0,2014-11,2014.0 - Second Half,58.0
10652,65487,48,240,67,500,199,0,163,3,3,5,6,2,0,0,0,0,0,0,0,3,4,2,0,2014-10,2014.0 - Second Half,57.0
7990,27469,2,9,1,2,3,2,0,1,0,0,3,6,0,0,0,0,0,0,0,1,3,2,0,2012-02,2012.0 - First Half,65.0
8722,82347,38,556,54,845,202,133,63,1,7,7,10,3,1,0,0,1,0,0,1,4,2,2,0,2012-06,2012.0 - First Half,55.0
7118,73803,61,833,80,363,52,26,174,2,9,5,6,6,1,0,0,0,0,0,1,4,3,2,1,2012-01,2012.0 - First Half,55.0
7620,16185,71,5,11,16,21,8,45,2,2,2,2,8,0,0,0,0,0,0,0,1,1,1,1,2013-05,2013.0 - First Half,23.0
2736,73807,88,366,124,156,71,78,54,2,5,5,11,2,0,0,0,0,0,0,0,4,3,2,1,2013-02,2013.0 - First Half,35.0
1092,61014,17,269,129,495,182,43,29,4,9,3,4,7,0,0,0,0,0,0,0,3,3,2,1,2012-11,2012.0 - Second Half,32.0
3850,14918,52,3,3,3,15,4,15,1,1,0,3,6,0,0,0,0,0,0,0,1,1,2,1,2012-07,2012.0 - Second Half,49.0
10469,88325,42,519,71,860,93,27,53,1,6,2,9,2,0,0,0,0,0,0,0,4,3,2,0,2014-05,2014.0 - First Half,33.0
6983,38054,24,23,2,17,2,1,0,2,2,0,3,7,0,0,0,0,0,0,0,2,4,1,1,2014-01,2014.0 - First Half,64.0
9589,82032,54,332,194,377,149,125,57,0,4,6,7,1,0,0,0,0,0,0,0,4,5,1,0,2014-05,2014.0 - First Half,66.0
7366,75777,12,712,26,538,69,13,80,1,3,6,11,1,0,1,1,0,0,0,1,4,4,1,0,2013-04,2013.0 - First Half,31.0
10659,7500,7,2,8,11,3,8,21,4,3,2,2,7,0,0,0,0,0,0,0,1,2,2,1,2013-07,2013.0 - Second Half,34.0
4286,57642,24,580,6,58,8,0,27,3,7,6,6,4,1,0,0,0,0,0,0,3,5,1,1,2014-09,2014.0 - Second Half,44.0
4201,57967,39,229,7,137,4,0,91,5,4,2,8,5,0,0,0,0,0,0,0,3,3,1,1,2013-03,2013.0 - First Half,51.0
8720,52247,53,32,2,1607,12,4,22,0,0,0,1,0,0,1,0,0,0,0,0,3,2,2,0,2012-12,2012.0 - Second Half,34.0
9432,666666,23,9,14,18,8,1,12,4,3,1,3,6,0,0,0,0,0,0,0,4,3,2,1,2013-02,2013.0 - First Half,36.0
8372,34421,81,3,3,7,6,2,9,1,1,0,2,7,0,0,0,0,0,0,0,1,3,2,1,2013-01,2013.0 - First Half,39.0
4001,64014,56,406,0,30,0,0,8,7,8,2,5,7,0,0,0,1,0,0,0,3,5,2,1,2014-10,2014.0 - Second Half,68.0
